﻿<?xml version="1.0" encoding="utf-8"?>
<deployment>
  <id>7c8d764b3992515894d64507bc40800432c34b65</id>
  <author>tbeiko</author>
  <deployer>tbeiko</deployer>
  <authorEmail>t.beiko23@gmail.com</authorEmail>
  <message>fix syntax
</message>
  <progress></progress>
  <status>Success</status>
  <statusText></statusText>
  <lastSuccessEndTime>2015-11-15T01:08:49.0539594Z</lastSuccessEndTime>
  <receivedTime>2015-11-15T01:08:43.5369806Z</receivedTime>
  <startTime>2015-11-15T01:08:44.0432602Z</startTime>
  <endTime>2015-11-15T01:08:49.0539594Z</endTime>
  <complete>True</complete>
  <is_temp>False</is_temp>
  <is_readonly>False</is_readonly>
</deployment>