﻿<?xml version="1.0" encoding="utf-8"?>
<deployment>
  <id>a8d1889ab81a01c07f5d1674a1de88296dc5a57b</id>
  <author>tbeiko</author>
  <deployer>tbeiko</deployer>
  <authorEmail>t.beiko23@gmail.com</authorEmail>
  <message>remove method
</message>
  <progress></progress>
  <status>Success</status>
  <statusText></statusText>
  <lastSuccessEndTime>2015-11-15T01:13:44.9194176Z</lastSuccessEndTime>
  <receivedTime>2015-11-15T01:13:39.1001208Z</receivedTime>
  <startTime>2015-11-15T01:13:39.6157769Z</startTime>
  <endTime>2015-11-15T01:13:44.9194176Z</endTime>
  <complete>True</complete>
  <is_temp>False</is_temp>
  <is_readonly>False</is_readonly>
</deployment>