﻿<?xml version="1.0" encoding="utf-8"?>
<deployment>
  <id>5f03e042ef9c64e82fdbb52d48e6d858c5d8cee6</id>
  <author>tbeiko</author>
  <deployer>tbeiko</deployer>
  <authorEmail>t.beiko23@gmail.com</authorEmail>
  <message>reorder CSS files
</message>
  <progress></progress>
  <status>Success</status>
  <statusText></statusText>
  <lastSuccessEndTime>2015-11-14T23:09:48.8976531Z</lastSuccessEndTime>
  <receivedTime>2015-11-14T23:09:43.6850806Z</receivedTime>
  <startTime>2015-11-14T23:09:44.2006917Z</startTime>
  <endTime>2015-11-14T23:09:48.8976531Z</endTime>
  <complete>True</complete>
  <is_temp>False</is_temp>
  <is_readonly>False</is_readonly>
</deployment>