﻿<?xml version="1.0" encoding="utf-8"?>
<deployment>
  <id>e0b662b9ce2e0b8524db7e7a9545ebae1d18a319</id>
  <author>tbeiko</author>
  <deployer>tbeiko</deployer>
  <authorEmail>t.beiko23@gmail.com</authorEmail>
  <message>add more songs
</message>
  <progress></progress>
  <status>Success</status>
  <statusText></statusText>
  <lastSuccessEndTime>2015-11-14T19:24:47.3179308Z</lastSuccessEndTime>
  <receivedTime>2015-11-14T19:24:41.6796309Z</receivedTime>
  <startTime>2015-11-14T19:24:42.0677063Z</startTime>
  <endTime>2015-11-14T19:24:47.3179308Z</endTime>
  <complete>True</complete>
  <is_temp>False</is_temp>
  <is_readonly>False</is_readonly>
</deployment>