﻿<?xml version="1.0" encoding="utf-8"?>
<deployment>
  <id>ca18bdf1c2fee0f1b322c6d83476655dc623737a</id>
  <author>tbeiko</author>
  <deployer>tbeiko</deployer>
  <authorEmail>t.beiko23@gmail.com</authorEmail>
  <message>Add layout to music page
</message>
  <progress></progress>
  <status>Success</status>
  <statusText></statusText>
  <lastSuccessEndTime>2015-11-14T23:03:05.7251281Z</lastSuccessEndTime>
  <receivedTime>2015-11-14T23:03:00.5275387Z</receivedTime>
  <startTime>2015-11-14T23:03:01.043683Z</startTime>
  <endTime>2015-11-14T23:03:05.7251281Z</endTime>
  <complete>True</complete>
  <is_temp>False</is_temp>
  <is_readonly>False</is_readonly>
</deployment>