﻿<?xml version="1.0" encoding="utf-8"?>
<deployment>
  <id>791cf3623e07fe13783318fb9d6e450c7d2414da</id>
  <author>tbeiko</author>
  <deployer>tbeiko</deployer>
  <authorEmail>t.beiko23@gmail.com</authorEmail>
  <message>remove body tags
</message>
  <progress></progress>
  <status>Success</status>
  <statusText></statusText>
  <lastSuccessEndTime>2015-11-14T23:05:39.6891686Z</lastSuccessEndTime>
  <receivedTime>2015-11-14T23:05:34.3032738Z</receivedTime>
  <startTime>2015-11-14T23:05:34.8047758Z</startTime>
  <endTime>2015-11-14T23:05:39.6891686Z</endTime>
  <complete>True</complete>
  <is_temp>False</is_temp>
  <is_readonly>False</is_readonly>
</deployment>