<step title="Executing external process" date="2015-11-15T01:02:33.708" instance="424b22" type="process" path="kudu.exe" arguments="D:\home\site C:\Program Files (x86)\SiteExtensions\Kudu\48.41029.1889\msbuild" >
  <step title="Cleanup Xml Logs" date="2015-11-15T01:02:33.723" /><!-- duration: 16ms -->
  <step title="DeploymentManager.Deploy(id)" date="2015-11-15T01:02:33.880" >
    <step title="Collecting changeset information" date="2015-11-15T01:02:33.895" /><!-- duration: 63ms -->
    <step title="Updating to specific changeset" date="2015-11-15T01:02:33.958" /><!-- duration: 376ms -->
    <step title="Updating submodules" date="2015-11-15T01:02:34.333" /><!-- duration: 32ms -->
    <step title="Determining deployment builder" date="2015-11-15T01:02:34.444" >
      <step title="Builder is PythonSiteBuilder" date="2015-11-15T01:02:34.569" /><!-- duration: 0ms -->
    </step><!-- duration: 125ms -->
    <step title="Copying SSH keys" date="2015-11-15T01:02:34.584" /><!-- duration: 16ms -->
    <step title="Building" date="2015-11-15T01:02:34.600" >
      <step title="Generating deployment script" date="2015-11-15T01:02:34.631" >
        <step title="Using cached version of the deployment script for command: -y --no-dot-deployment -r &quot;D:\home\site\wwwroot&quot; -o &quot;D:\home\site\deployments\tools&quot; --python" date="2015-11-15T01:02:34.709" /><!-- duration: 0ms -->
      </step><!-- duration: 78ms -->
      <step title="Executing external process" date="2015-11-15T01:02:34.803" type="process" path="starter.cmd" arguments="&quot;D:\home\site\deployments\tools\deploy.cmd&quot;" /><!-- duration: 4036ms -->
      <step title="Purge deployment items" date="2015-11-15T01:02:39.031" >
        <step title="Remove 0db34957f, Success, received at 11/14/2015 9:21:33 PM" date="2015-11-15T01:02:39.062" /><!-- duration: 16ms -->
      </step><!-- duration: 47ms -->
    </step><!-- duration: 4478ms -->
  </step><!-- duration: 5214ms -->
  <step title="Cleaning up temp files" date="2015-11-15T01:02:39.093" /><!-- duration: 0ms -->
  <step title="WebHooksManager.PublishEventAsync: PostDeployment" date="2015-11-15T01:02:39.109" /><!-- duration: 316ms -->
</step><!-- duration: 5870ms -->
