<step title="Incoming Request" date="2015-11-14T17:48:57.856" instance="424b22" url="/newsfeels.git/info/refs?service=git-receive-pack" method="GET" type="request" pid="5484,2,8" Connection="Keep-Alive" Pragma="no-cache" Accept="*/*" Accept-Encoding="gzip" Host="newsfeels.scm.azurewebsites.net" User-Agent="git/2.6.3" X-SITE-DEPLOYMENT-ID="newsfeels" >
  <step title="InfoRefsService.Execute" date="2015-11-14T17:48:58.188" >
    <step title="Assuming git repository at D:\home\site\wwwroot" date="2015-11-14T17:48:58.278" /><!-- duration: 0ms -->
    <step title="InfoRefsService.SmartInfoRefs" date="2015-11-14T17:48:58.294" >
      <step title="Assuming git repository at D:\home\site\wwwroot" date="2015-11-14T17:48:58.325" /><!-- duration: 0ms -->
      <step title="GitExeServer.AdvertiseReceivePack" date="2015-11-14T17:48:58.325" >
        <step title="Executing external process" date="2015-11-14T17:48:58.341" type="process" path="git.exe" arguments="receive-pack --stateless-rpc --advertise-refs &quot;D:\home\site\wwwroot&quot;" /><!-- duration: 78ms -->
      </step><!-- duration: 94ms -->
      <step title="Writing 185 bytes" date="2015-11-14T17:48:58.419" /><!-- duration: 0ms -->
    </step><!-- duration: 141ms -->
  </step><!-- duration: 247ms -->
  <step title="Outgoing response" date="2015-11-14T17:48:58.434" type="response" statusCode="200" statusText="OK" Server="Microsoft-IIS/8.0" x-ms-request-id="ae2a2be7-3d31-4710-9e82-25091272e770" Pragma="no-cache" Cache-Control="must-revalidate, no-cache, max-age=0" Expires="Tue, 01 Jan 1980 00:00:00 GMT" Content-Length="185" X-AspNet-Version="4.0.30319" Content-Type="application/x-git-receive-pack-advertisement" /><!-- duration: 16ms -->
</step><!-- duration: 594ms -->
