<step title="Executing external process" date="2015-11-14T22:54:16.422" instance="424b22" type="process" path="kudu.exe" arguments="D:\home\site C:\Program Files (x86)\SiteExtensions\Kudu\48.41029.1889\msbuild" >
  <step title="Cleanup Xml Logs" date="2015-11-14T22:54:16.438" /><!-- duration: 16ms -->
  <step title="DeploymentManager.Deploy(id)" date="2015-11-14T22:54:16.578" >
    <step title="Collecting changeset information" date="2015-11-14T22:54:16.578" /><!-- duration: 62ms -->
    <step title="Updating to specific changeset" date="2015-11-14T22:54:16.641" /><!-- duration: 328ms -->
    <step title="Updating submodules" date="2015-11-14T22:54:16.985" /><!-- duration: 31ms -->
    <step title="Determining deployment builder" date="2015-11-14T22:54:17.078" >
      <step title="Builder is PythonSiteBuilder" date="2015-11-14T22:54:17.219" /><!-- duration: 0ms -->
    </step><!-- duration: 141ms -->
    <step title="Copying SSH keys" date="2015-11-14T22:54:17.235" /><!-- duration: 16ms -->
    <step title="Building" date="2015-11-14T22:54:17.250" >
      <step title="Generating deployment script" date="2015-11-14T22:54:17.281" >
        <step title="Using cached version of the deployment script for command: -y --no-dot-deployment -r &quot;D:\home\site\wwwroot&quot; -o &quot;D:\home\site\deployments\tools&quot; --python" date="2015-11-14T22:54:17.344" /><!-- duration: 0ms -->
      </step><!-- duration: 63ms -->
      <step title="Executing external process" date="2015-11-14T22:54:17.438" type="process" path="starter.cmd" arguments="&quot;D:\home\site\deployments\tools\deploy.cmd&quot;" /><!-- duration: 4589ms -->
      <step title="Purge deployment items" date="2015-11-14T22:54:22.261" >
        <step title="Remove e0b662b9c, Success, received at 11/14/2015 7:24:41 PM" date="2015-11-14T22:54:22.292" /><!-- duration: 0ms -->
      </step><!-- duration: 31ms -->
    </step><!-- duration: 5058ms -->
  </step><!-- duration: 5730ms -->
  <step title="Cleaning up temp files" date="2015-11-14T22:54:22.308" /><!-- duration: 0ms -->
  <step title="WebHooksManager.PublishEventAsync: PostDeployment" date="2015-11-14T22:54:22.324" /><!-- duration: 359ms -->
</step><!-- duration: 6386ms -->
