<step title="Incoming Request" date="2015-11-15T01:00:46.653" instance="424b22" url="/newsfeels.git/git-receive-pack" method="POST" type="request" pid="9404,2,10" Connection="Keep-Alive" Content-Length="2897" Content-Type="application/x-git-receive-pack-request" Accept="application/x-git-receive-pack-result" Accept-Encoding="gzip" Host="newsfeels.scm.azurewebsites.net" User-Agent="git/2.6.3" X-SITE-DEPLOYMENT-ID="newsfeels" >
  <step title="Cleanup Xml Logs" date="2015-11-15T01:00:46.653" /><!-- duration: 16ms -->
  <step title="RpcService.ReceivePack" date="2015-11-15T01:00:46.684" >
    <step title="Assuming git repository at D:\home\site\wwwroot" date="2015-11-15T01:00:46.700" /><!-- duration: 0ms -->
    <step title="Assuming git repository at D:\home\site\wwwroot" date="2015-11-15T01:00:46.715" /><!-- duration: 0ms -->
    <step title="Creating temporary deployment" date="2015-11-15T01:00:47.125" /><!-- duration: 47ms -->
    <step title="GitExeServer.Receive" date="2015-11-15T01:00:47.172" >
      <step title="Executing external process" date="2015-11-15T01:00:47.172" type="process" path="git.exe" arguments="receive-pack --stateless-rpc &quot;D:\home\site\wwwroot&quot;" /><!-- duration: 7008ms -->
    </step><!-- duration: 7008ms -->
  </step><!-- duration: 7527ms -->
  <step title="Outgoing response" date="2015-11-15T01:00:54.211" type="response" statusCode="200" statusText="OK" Server="Microsoft-IIS/8.0" Expires="Fri, 01 Jan 1980 00:00:00 GMT" Pragma="no-cache" Cache-Control="no-cache, max-age=0, must-revalidate" X-AspNet-Version="4.0.30319" Content-Type="application/x-git-receive-pack-result" /><!-- duration: 0ms -->
</step><!-- duration: 7558ms -->
