<step title="Executing external process" date="2015-11-15T01:01:57.156" instance="424b22" type="process" path="kudu.exe" arguments="D:\home\site C:\Program Files (x86)\SiteExtensions\Kudu\48.41029.1889\msbuild" >
  <step title="Cleanup Xml Logs" date="2015-11-15T01:01:57.156" /><!-- duration: 16ms -->
  <step title="DeploymentManager.Deploy(id)" date="2015-11-15T01:01:57.297" >
    <step title="Collecting changeset information" date="2015-11-15T01:01:57.312" /><!-- duration: 63ms -->
    <step title="Updating to specific changeset" date="2015-11-15T01:01:57.375" /><!-- duration: 391ms -->
    <step title="Updating submodules" date="2015-11-15T01:01:57.765" /><!-- duration: 47ms -->
    <step title="Determining deployment builder" date="2015-11-15T01:01:57.875" >
      <step title="Builder is PythonSiteBuilder" date="2015-11-15T01:01:57.984" /><!-- duration: 0ms -->
    </step><!-- duration: 109ms -->
    <step title="Copying SSH keys" date="2015-11-15T01:01:58.015" /><!-- duration: 0ms -->
    <step title="Building" date="2015-11-15T01:01:58.031" >
      <step title="Generating deployment script" date="2015-11-15T01:01:58.083" >
        <step title="Using cached version of the deployment script for command: -y --no-dot-deployment -r &quot;D:\home\site\wwwroot&quot; -o &quot;D:\home\site\deployments\tools&quot; --python" date="2015-11-15T01:01:58.160" /><!-- duration: 0ms -->
      </step><!-- duration: 76ms -->
      <step title="Executing external process" date="2015-11-15T01:01:58.240" type="process" path="starter.cmd" arguments="&quot;D:\home\site\deployments\tools\deploy.cmd&quot;" /><!-- duration: 3949ms -->
      <step title="Purge deployment items" date="2015-11-15T01:02:02.643" >
        <step title="Remove b838135f6, Success, received at 11/14/2015 9:16:38 PM" date="2015-11-15T01:02:02.674" /><!-- duration: 0ms -->
      </step><!-- duration: 31ms -->
    </step><!-- duration: 4659ms -->
  </step><!-- duration: 5393ms -->
  <step title="Cleaning up temp files" date="2015-11-15T01:02:02.705" /><!-- duration: 0ms -->
  <step title="WebHooksManager.PublishEventAsync: PostDeployment" date="2015-11-15T01:02:02.721" /><!-- duration: 344ms -->
</step><!-- duration: 6034ms -->
