<step title="Incoming Request" date="2015-11-14T22:47:10.459" instance="424b22" url="/newsfeels.git/info/refs?service=git-receive-pack" method="GET" type="request" pid="7008,2,8" Connection="Keep-Alive" Pragma="no-cache" Accept="*/*" Accept-Encoding="gzip" Host="newsfeels.scm.azurewebsites.net" User-Agent="git/2.6.3" X-SITE-DEPLOYMENT-ID="newsfeels" >
  <step title="InfoRefsService.Execute" date="2015-11-14T22:47:10.866" >
    <step title="Assuming git repository at D:\home\site\wwwroot" date="2015-11-14T22:47:10.959" /><!-- duration: 0ms -->
    <step title="InfoRefsService.SmartInfoRefs" date="2015-11-14T22:47:10.959" >
      <step title="Assuming git repository at D:\home\site\wwwroot" date="2015-11-14T22:47:10.975" /><!-- duration: 16ms -->
      <step title="GitExeServer.AdvertiseReceivePack" date="2015-11-14T22:47:10.991" >
        <step title="Executing external process" date="2015-11-14T22:47:10.991" type="process" path="git.exe" arguments="receive-pack --stateless-rpc --advertise-refs &quot;D:\home\site\wwwroot&quot;" /><!-- duration: 94ms -->
      </step><!-- duration: 94ms -->
      <step title="Writing 185 bytes" date="2015-11-14T22:47:11.084" /><!-- duration: 16ms -->
    </step><!-- duration: 141ms -->
  </step><!-- duration: 234ms -->
  <step title="Outgoing response" date="2015-11-14T22:47:11.131" type="response" statusCode="200" statusText="OK" Server="Microsoft-IIS/8.0" x-ms-request-id="42024cb3-6049-4954-ba13-71dd1c5e126f" Pragma="no-cache" Cache-Control="must-revalidate, no-cache, max-age=0" Expires="Tue, 01 Jan 1980 00:00:00 GMT" Content-Length="185" X-AspNet-Version="4.0.30319" Content-Type="application/x-git-receive-pack-advertisement" /><!-- duration: 16ms -->
</step><!-- duration: 688ms -->
