<step title="Incoming Request" date="2015-11-15T01:01:55.741" instance="424b22" url="/newsfeels.git/info/refs?service=git-receive-pack" method="GET" type="request" pid="9404,2,24" Connection="Keep-Alive" Pragma="no-cache" Accept="*/*" Accept-Encoding="gzip" Host="newsfeels.scm.azurewebsites.net" User-Agent="git/2.6.3" X-SITE-DEPLOYMENT-ID="newsfeels" >
  <step title="InfoRefsService.Execute" date="2015-11-15T01:01:55.774" >
    <step title="Assuming git repository at D:\home\site\wwwroot" date="2015-11-15T01:01:55.789" /><!-- duration: 0ms -->
    <step title="InfoRefsService.SmartInfoRefs" date="2015-11-15T01:01:55.803" >
      <step title="Assuming git repository at D:\home\site\wwwroot" date="2015-11-15T01:01:55.819" /><!-- duration: 0ms -->
      <step title="GitExeServer.AdvertiseReceivePack" date="2015-11-15T01:01:55.819" >
        <step title="Executing external process" date="2015-11-15T01:01:55.819" type="process" path="git.exe" arguments="receive-pack --stateless-rpc --advertise-refs &quot;D:\home\site\wwwroot&quot;" /><!-- duration: 78ms -->
      </step><!-- duration: 78ms -->
      <step title="Writing 185 bytes" date="2015-11-15T01:01:55.897" /><!-- duration: 16ms -->
    </step><!-- duration: 110ms -->
  </step><!-- duration: 139ms -->
  <step title="Outgoing response" date="2015-11-15T01:01:55.913" type="response" statusCode="200" statusText="OK" Server="Microsoft-IIS/8.0" x-ms-request-id="6a9a4ec5-208f-44c6-82de-9341e1358a87" Pragma="no-cache" Cache-Control="must-revalidate, no-cache, max-age=0" Expires="Tue, 01 Jan 1980 00:00:00 GMT" Content-Length="185" X-AspNet-Version="4.0.30319" Content-Type="application/x-git-receive-pack-advertisement" /><!-- duration: 0ms -->
</step><!-- duration: 188ms -->
