<step title="Executing external process" date="2015-11-15T01:08:43.349" instance="424b22" type="process" path="kudu.exe" arguments="D:\home\site C:\Program Files (x86)\SiteExtensions\Kudu\48.41029.1889\msbuild" >
  <step title="Cleanup Xml Logs" date="2015-11-15T01:08:43.365" /><!-- duration: 16ms -->
  <step title="DeploymentManager.Deploy(id)" date="2015-11-15T01:08:43.490" >
    <step title="Collecting changeset information" date="2015-11-15T01:08:43.505" /><!-- duration: 62ms -->
    <step title="Updating to specific changeset" date="2015-11-15T01:08:43.583" /><!-- duration: 348ms -->
    <step title="Updating submodules" date="2015-11-15T01:08:43.932" /><!-- duration: 48ms -->
    <step title="Determining deployment builder" date="2015-11-15T01:08:44.058" >
      <step title="Builder is PythonSiteBuilder" date="2015-11-15T01:08:44.230" /><!-- duration: 16ms -->
    </step><!-- duration: 188ms -->
    <step title="Copying SSH keys" date="2015-11-15T01:08:44.277" /><!-- duration: 0ms -->
    <step title="Building" date="2015-11-15T01:08:44.277" >
      <step title="Generating deployment script" date="2015-11-15T01:08:44.324" >
        <step title="Using cached version of the deployment script for command: -y --no-dot-deployment -r &quot;D:\home\site\wwwroot&quot; -o &quot;D:\home\site\deployments\tools&quot; --python" date="2015-11-15T01:08:44.387" /><!-- duration: 16ms -->
      </step><!-- duration: 78ms -->
      <step title="Executing external process" date="2015-11-15T01:08:44.496" type="process" path="starter.cmd" arguments="&quot;D:\home\site\deployments\tools\deploy.cmd&quot;" /><!-- duration: 4495ms -->
      <step title="Purge deployment items" date="2015-11-15T01:08:49.245" >
        <step title="Remove ec46117d4, Success, received at 11/14/2015 9:53:40 PM" date="2015-11-15T01:08:49.276" /><!-- duration: 16ms -->
      </step><!-- duration: 47ms -->
    </step><!-- duration: 5031ms -->
  </step><!-- duration: 5818ms -->
  <step title="Cleaning up temp files" date="2015-11-15T01:08:49.309" /><!-- duration: 0ms -->
  <step title="WebHooksManager.PublishEventAsync: PostDeployment" date="2015-11-15T01:08:49.325" /><!-- duration: 344ms -->
</step><!-- duration: 6464ms -->
