<step title="Incoming Request" date="2015-11-14T19:24:40.488" instance="424b22" url="/newsfeels.git/git-receive-pack" method="POST" type="request" pid="3196,2,9" Connection="Keep-Alive" Content-Length="674" Content-Type="application/x-git-receive-pack-request" Accept="application/x-git-receive-pack-result" Accept-Encoding="gzip" Host="newsfeels.scm.azurewebsites.net" User-Agent="git/2.6.3" X-SITE-DEPLOYMENT-ID="newsfeels" >
  <step title="RpcService.ReceivePack" date="2015-11-14T19:24:40.519" >
    <step title="Assuming git repository at D:\home\site\wwwroot" date="2015-11-14T19:24:40.535" /><!-- duration: 0ms -->
    <step title="Assuming git repository at D:\home\site\wwwroot" date="2015-11-14T19:24:40.550" /><!-- duration: 0ms -->
    <step title="Creating temporary deployment" date="2015-11-14T19:24:40.754" /><!-- duration: 31ms -->
    <step title="GitExeServer.Receive" date="2015-11-14T19:24:40.786" >
      <step title="Executing external process" date="2015-11-14T19:24:40.786" type="process" path="git.exe" arguments="receive-pack --stateless-rpc &quot;D:\home\site\wwwroot&quot;" /><!-- duration: 7282ms -->
    </step><!-- duration: 7282ms -->
  </step><!-- duration: 7595ms -->
  <step title="Outgoing response" date="2015-11-14T19:24:48.130" type="response" statusCode="200" statusText="OK" Server="Microsoft-IIS/8.0" Expires="Fri, 01 Jan 1980 00:00:00 GMT" Pragma="no-cache" Cache-Control="no-cache, max-age=0, must-revalidate" X-AspNet-Version="4.0.30319" Content-Type="application/x-git-receive-pack-result" /><!-- duration: 0ms -->
</step><!-- duration: 7642ms -->
