<step title="Incoming Request" date="2015-11-15T01:02:32.109" instance="424b22" url="/newsfeels.git/info/refs?service=git-receive-pack" method="GET" type="request" pid="9404,2,26" Connection="Keep-Alive" Pragma="no-cache" Accept="*/*" Accept-Encoding="gzip" Host="newsfeels.scm.azurewebsites.net" User-Agent="git/2.6.3" X-SITE-DEPLOYMENT-ID="newsfeels" >
  <step title="InfoRefsService.Execute" date="2015-11-15T01:02:32.124" >
    <step title="Assuming git repository at D:\home\site\wwwroot" date="2015-11-15T01:02:32.140" /><!-- duration: 0ms -->
    <step title="InfoRefsService.SmartInfoRefs" date="2015-11-15T01:02:32.156" >
      <step title="Assuming git repository at D:\home\site\wwwroot" date="2015-11-15T01:02:32.171" /><!-- duration: 0ms -->
      <step title="GitExeServer.AdvertiseReceivePack" date="2015-11-15T01:02:32.187" >
        <step title="Executing external process" date="2015-11-15T01:02:32.187" type="process" path="git.exe" arguments="receive-pack --stateless-rpc --advertise-refs &quot;D:\home\site\wwwroot&quot;" /><!-- duration: 78ms -->
      </step><!-- duration: 78ms -->
      <step title="Writing 185 bytes" date="2015-11-15T01:02:32.265" /><!-- duration: 0ms -->
    </step><!-- duration: 109ms -->
  </step><!-- duration: 156ms -->
  <step title="Outgoing response" date="2015-11-15T01:02:32.281" type="response" statusCode="200" statusText="OK" Server="Microsoft-IIS/8.0" x-ms-request-id="421abf02-779a-4cd5-a4da-e761aaebf80b" Pragma="no-cache" Cache-Control="must-revalidate, no-cache, max-age=0" Expires="Tue, 01 Jan 1980 00:00:00 GMT" Content-Length="185" X-AspNet-Version="4.0.30319" Content-Type="application/x-git-receive-pack-advertisement" /><!-- duration: 0ms -->
</step><!-- duration: 172ms -->
