<step title="Incoming Request" date="2015-11-14T17:48:58.685" instance="424b22" url="/newsfeels.git/git-receive-pack" method="POST" type="request" pid="5484,2,12" Connection="Keep-Alive" Content-Length="829" Content-Type="application/x-git-receive-pack-request" Accept="application/x-git-receive-pack-result" Accept-Encoding="gzip" Host="newsfeels.scm.azurewebsites.net" User-Agent="git/2.6.3" X-SITE-DEPLOYMENT-ID="newsfeels" >
  <step title="RpcService.ReceivePack" date="2015-11-14T17:48:58.716" >
    <step title="Assuming git repository at D:\home\site\wwwroot" date="2015-11-14T17:48:58.716" /><!-- duration: 0ms -->
    <step title="Assuming git repository at D:\home\site\wwwroot" date="2015-11-14T17:48:58.747" /><!-- duration: 0ms -->
    <step title="Creating temporary deployment" date="2015-11-14T17:48:59.013" /><!-- duration: 47ms -->
    <step title="GitExeServer.Receive" date="2015-11-14T17:48:59.060" >
      <step title="Executing external process" date="2015-11-14T17:48:59.060" type="process" path="git.exe" arguments="receive-pack --stateless-rpc &quot;D:\home\site\wwwroot&quot;" /><!-- duration: 6406ms -->
    </step><!-- duration: 6406ms -->
  </step><!-- duration: 6813ms -->
  <step title="Outgoing response" date="2015-11-14T17:49:05.528" type="response" statusCode="200" statusText="OK" Server="Microsoft-IIS/8.0" Expires="Fri, 01 Jan 1980 00:00:00 GMT" Pragma="no-cache" Cache-Control="no-cache, max-age=0, must-revalidate" X-AspNet-Version="4.0.30319" Content-Type="application/x-git-receive-pack-result" /><!-- duration: 16ms -->
</step><!-- duration: 6860ms -->
