<step title="Incoming Request" date="2015-11-14T16:53:42.568" instance="424b22" url="/newsfeels.git/git-receive-pack" method="POST" type="request" pid="5604,2,64" Connection="Keep-Alive" Content-Length="1381" Content-Type="application/x-git-receive-pack-request" Accept="application/x-git-receive-pack-result" Accept-Encoding="gzip" Host="newsfeels.scm.azurewebsites.net" User-Agent="git/2.6.3" X-SITE-DEPLOYMENT-ID="newsfeels" >
  <step title="RpcService.ReceivePack" date="2015-11-14T16:53:42.585" >
    <step title="Assuming git repository at D:\home\site\wwwroot" date="2015-11-14T16:53:42.601" /><!-- duration: 0ms -->
    <step title="Assuming git repository at D:\home\site\wwwroot" date="2015-11-14T16:53:42.636" /><!-- duration: 0ms -->
    <step title="Creating temporary deployment" date="2015-11-14T16:53:42.839" /><!-- duration: 47ms -->
    <step title="GitExeServer.Receive" date="2015-11-14T16:53:42.886" >
      <step title="Executing external process" date="2015-11-14T16:53:42.886" type="process" path="git.exe" arguments="receive-pack --stateless-rpc &quot;D:\home\site\wwwroot&quot;" /><!-- duration: 95480ms -->
    </step><!-- duration: 95480ms -->
  </step><!-- duration: 95828ms -->
  <step title="Outgoing response" date="2015-11-14T16:55:18.413" type="response" statusCode="200" statusText="OK" Server="Microsoft-IIS/8.0" Expires="Fri, 01 Jan 1980 00:00:00 GMT" Pragma="no-cache" Cache-Control="no-cache, max-age=0, must-revalidate" X-AspNet-Version="4.0.30319" Content-Type="application/x-git-receive-pack-result" /><!-- duration: 16ms -->
</step><!-- duration: 95860ms -->
