<step title="Incoming Request" date="2015-11-15T01:13:37.189" instance="424b22" url="/newsfeels.git/info/refs?service=git-receive-pack" method="GET" type="request" pid="7520,2,9" Connection="Keep-Alive" Pragma="no-cache" Accept="*/*" Accept-Encoding="gzip" Host="newsfeels.scm.azurewebsites.net" User-Agent="git/2.6.3" X-SITE-DEPLOYMENT-ID="newsfeels" >
  <step title="Cleanup Xml Logs" date="2015-11-15T01:13:37.189" /><!-- duration: 16ms -->
  <step title="InfoRefsService.Execute" date="2015-11-15T01:13:37.220" >
    <step title="Assuming git repository at D:\home\site\wwwroot" date="2015-11-15T01:13:37.253" /><!-- duration: 0ms -->
    <step title="InfoRefsService.SmartInfoRefs" date="2015-11-15T01:13:37.253" >
      <step title="Assuming git repository at D:\home\site\wwwroot" date="2015-11-15T01:13:37.269" /><!-- duration: 0ms -->
      <step title="GitExeServer.AdvertiseReceivePack" date="2015-11-15T01:13:37.285" >
        <step title="Executing external process" date="2015-11-15T01:13:37.285" type="process" path="git.exe" arguments="receive-pack --stateless-rpc --advertise-refs &quot;D:\home\site\wwwroot&quot;" /><!-- duration: 78ms -->
      </step><!-- duration: 78ms -->
      <step title="Writing 185 bytes" date="2015-11-15T01:13:37.363" /><!-- duration: 0ms -->
    </step><!-- duration: 125ms -->
  </step><!-- duration: 159ms -->
  <step title="Outgoing response" date="2015-11-15T01:13:37.378" type="response" statusCode="200" statusText="OK" Server="Microsoft-IIS/8.0" x-ms-request-id="bd4305f4-fc0b-4824-b316-07d6f745d6a3" Pragma="no-cache" Cache-Control="must-revalidate, no-cache, max-age=0" Expires="Tue, 01 Jan 1980 00:00:00 GMT" Content-Length="185" X-AspNet-Version="4.0.30319" Content-Type="application/x-git-receive-pack-advertisement" /><!-- duration: 16ms -->
</step><!-- duration: 205ms -->
