<step title="Executing external process" date="2015-11-15T01:04:42.616" instance="424b22" type="process" path="kudu.exe" arguments="D:\home\site C:\Program Files (x86)\SiteExtensions\Kudu\48.41029.1889\msbuild" >
  <step title="Cleanup Xml Logs" date="2015-11-15T01:04:42.632" /><!-- duration: 16ms -->
  <step title="DeploymentManager.Deploy(id)" date="2015-11-15T01:04:42.741" >
    <step title="Collecting changeset information" date="2015-11-15T01:04:42.757" /><!-- duration: 78ms -->
    <step title="Updating to specific changeset" date="2015-11-15T01:04:42.835" /><!-- duration: 427ms -->
    <step title="Updating submodules" date="2015-11-15T01:04:43.262" /><!-- duration: 63ms -->
    <step title="Determining deployment builder" date="2015-11-15T01:04:43.404" >
      <step title="Builder is PythonSiteBuilder" date="2015-11-15T01:04:43.531" /><!-- duration: 0ms -->
    </step><!-- duration: 127ms -->
    <step title="Copying SSH keys" date="2015-11-15T01:04:43.559" /><!-- duration: 0ms -->
    <step title="Building" date="2015-11-15T01:04:43.574" >
      <step title="Generating deployment script" date="2015-11-15T01:04:43.605" >
        <step title="Using cached version of the deployment script for command: -y --no-dot-deployment -r &quot;D:\home\site\wwwroot&quot; -o &quot;D:\home\site\deployments\tools&quot; --python" date="2015-11-15T01:04:43.668" /><!-- duration: 0ms -->
      </step><!-- duration: 78ms -->
      <step title="Executing external process" date="2015-11-15T01:04:43.778" type="process" path="starter.cmd" arguments="&quot;D:\home\site\deployments\tools\deploy.cmd&quot;" /><!-- duration: 3888ms -->
      <step title="Purge deployment items" date="2015-11-15T01:04:48.043" >
        <step title="Remove ceb6aeda5, Success, received at 11/14/2015 9:47:43 PM" date="2015-11-15T01:04:48.090" /><!-- duration: 0ms -->
      </step><!-- duration: 62ms -->
    </step><!-- duration: 4547ms -->
  </step><!-- duration: 5380ms -->
  <step title="Cleaning up temp files" date="2015-11-15T01:04:48.121" /><!-- duration: 0ms -->
  <step title="WebHooksManager.PublishEventAsync: PostDeployment" date="2015-11-15T01:04:48.137" /><!-- duration: 344ms -->
</step><!-- duration: 5989ms -->
