<step title="Executing external process" date="2015-11-14T19:24:41.494" instance="424b22" type="process" path="kudu.exe" arguments="D:\home\site C:\Program Files (x86)\SiteExtensions\Kudu\48.41029.1889\msbuild" >
  <step title="Cleanup Xml Logs" date="2015-11-14T19:24:41.524" /><!-- duration: 0ms -->
  <step title="DeploymentManager.Deploy(id)" date="2015-11-14T19:24:41.631" >
    <step title="Collecting changeset information" date="2015-11-14T19:24:41.650" /><!-- duration: 42ms -->
    <step title="Updating to specific changeset" date="2015-11-14T19:24:41.708" /><!-- duration: 266ms -->
    <step title="Updating submodules" date="2015-11-14T19:24:41.973" /><!-- duration: 47ms -->
    <step title="Determining deployment builder" date="2015-11-14T19:24:42.083" >
      <step title="Builder is PythonSiteBuilder" date="2015-11-14T19:24:42.223" /><!-- duration: 0ms -->
    </step><!-- duration: 141ms -->
    <step title="Copying SSH keys" date="2015-11-14T19:24:42.239" /><!-- duration: 0ms -->
    <step title="Building" date="2015-11-14T19:24:42.255" >
      <step title="Generating deployment script" date="2015-11-14T19:24:42.286" >
        <step title="Using cached version of the deployment script for command: -y --no-dot-deployment -r &quot;D:\home\site\wwwroot&quot; -o &quot;D:\home\site\deployments\tools&quot; --python" date="2015-11-14T19:24:42.348" /><!-- duration: 16ms -->
      </step><!-- duration: 78ms -->
      <step title="Executing external process" date="2015-11-14T19:24:42.458" type="process" path="starter.cmd" arguments="&quot;D:\home\site\deployments\tools\deploy.cmd&quot;" /><!-- duration: 4781ms -->
    </step><!-- duration: 5203ms -->
  </step><!-- duration: 5827ms -->
  <step title="Cleaning up temp files" date="2015-11-14T19:24:47.458" /><!-- duration: 16ms -->
  <step title="WebHooksManager.PublishEventAsync: PostDeployment" date="2015-11-14T19:24:47.489" /><!-- duration: 375ms -->
</step><!-- duration: 6495ms -->
