<step title="Executing external process" date="2015-11-14T21:14:06.653" instance="424b22" type="process" path="kudu.exe" arguments="D:\home\site C:\Program Files (x86)\SiteExtensions\Kudu\48.41029.1889\msbuild" >
  <step title="Cleanup Xml Logs" date="2015-11-14T21:14:06.668" /><!-- duration: 0ms -->
  <step title="DeploymentManager.Deploy(id)" date="2015-11-14T21:14:06.797" >
    <step title="Collecting changeset information" date="2015-11-14T21:14:06.811" /><!-- duration: 50ms -->
    <step title="Updating to specific changeset" date="2015-11-14T21:14:06.871" /><!-- duration: 250ms -->
    <step title="Updating submodules" date="2015-11-14T21:14:07.121" /><!-- duration: 47ms -->
    <step title="Determining deployment builder" date="2015-11-14T21:14:07.237" >
      <step title="Builder is PythonSiteBuilder" date="2015-11-14T21:14:07.377" /><!-- duration: 16ms -->
    </step><!-- duration: 156ms -->
    <step title="Copying SSH keys" date="2015-11-14T21:14:07.424" /><!-- duration: 0ms -->
    <step title="Building" date="2015-11-14T21:14:07.424" >
      <step title="Generating deployment script" date="2015-11-14T21:14:07.471" >
        <step title="Using cached version of the deployment script for command: -y --no-dot-deployment -r &quot;D:\home\site\wwwroot&quot; -o &quot;D:\home\site\deployments\tools&quot; --python" date="2015-11-14T21:14:07.509" /><!-- duration: 16ms -->
      </step><!-- duration: 54ms -->
      <step title="Executing external process" date="2015-11-14T21:14:07.619" type="process" path="starter.cmd" arguments="&quot;D:\home\site\deployments\tools\deploy.cmd&quot;" /><!-- duration: 3995ms -->
    </step><!-- duration: 4426ms -->
  </step><!-- duration: 5054ms -->
  <step title="Cleaning up temp files" date="2015-11-14T21:14:11.851" /><!-- duration: 16ms -->
  <step title="WebHooksManager.PublishEventAsync: PostDeployment" date="2015-11-14T21:14:11.882" /><!-- duration: 313ms -->
</step><!-- duration: 5698ms -->
