<step title="Incoming Request" date="2015-11-15T01:08:42.004" instance="424b22" url="/newsfeels.git/git-receive-pack" method="POST" type="request" pid="7520,2,10" Connection="Keep-Alive" Content-Length="516" Content-Type="application/x-git-receive-pack-request" Accept="application/x-git-receive-pack-result" Accept-Encoding="gzip" Host="newsfeels.scm.azurewebsites.net" User-Agent="git/2.6.3" X-SITE-DEPLOYMENT-ID="newsfeels" >
  <step title="RpcService.ReceivePack" date="2015-11-15T01:08:42.020" >
    <step title="Assuming git repository at D:\home\site\wwwroot" date="2015-11-15T01:08:42.037" /><!-- duration: 0ms -->
    <step title="Assuming git repository at D:\home\site\wwwroot" date="2015-11-15T01:08:42.053" /><!-- duration: 16ms -->
    <step title="Creating temporary deployment" date="2015-11-15T01:08:42.562" /><!-- duration: 47ms -->
    <step title="GitExeServer.Receive" date="2015-11-15T01:08:42.625" >
      <step title="Executing external process" date="2015-11-15T01:08:42.625" type="process" path="git.exe" arguments="receive-pack --stateless-rpc &quot;D:\home\site\wwwroot&quot;" /><!-- duration: 7278ms -->
    </step><!-- duration: 7278ms -->
  </step><!-- duration: 7930ms -->
  <step title="Outgoing response" date="2015-11-15T01:08:49.971" type="response" statusCode="200" statusText="OK" Server="Microsoft-IIS/8.0" Expires="Fri, 01 Jan 1980 00:00:00 GMT" Pragma="no-cache" Cache-Control="no-cache, max-age=0, must-revalidate" X-AspNet-Version="4.0.30319" Content-Type="application/x-git-receive-pack-result" /><!-- duration: 0ms -->
</step><!-- duration: 7967ms -->
