<step title="Incoming Request" date="2015-11-15T01:02:32.462" instance="424b22" url="/newsfeels.git/git-receive-pack" method="POST" type="request" pid="9404,2,24" Connection="Keep-Alive" Content-Length="541" Content-Type="application/x-git-receive-pack-request" Accept="application/x-git-receive-pack-result" Accept-Encoding="gzip" Host="newsfeels.scm.azurewebsites.net" User-Agent="git/2.6.3" X-SITE-DEPLOYMENT-ID="newsfeels" >
  <step title="RpcService.ReceivePack" date="2015-11-15T01:02:32.483" >
    <step title="Assuming git repository at D:\home\site\wwwroot" date="2015-11-15T01:02:32.496" /><!-- duration: 14ms -->
    <step title="Assuming git repository at D:\home\site\wwwroot" date="2015-11-15T01:02:32.525" /><!-- duration: 0ms -->
    <step title="Creating temporary deployment" date="2015-11-15T01:02:33.001" /><!-- duration: 33ms -->
    <step title="GitExeServer.Receive" date="2015-11-15T01:02:33.034" >
      <step title="Executing external process" date="2015-11-15T01:02:33.034" type="process" path="git.exe" arguments="receive-pack --stateless-rpc &quot;D:\home\site\wwwroot&quot;" /><!-- duration: 6624ms -->
    </step><!-- duration: 6624ms -->
  </step><!-- duration: 7190ms -->
  <step title="Outgoing response" date="2015-11-15T01:02:39.673" type="response" statusCode="200" statusText="OK" Server="Microsoft-IIS/8.0" Expires="Fri, 01 Jan 1980 00:00:00 GMT" Pragma="no-cache" Cache-Control="no-cache, max-age=0, must-revalidate" X-AspNet-Version="4.0.30319" Content-Type="application/x-git-receive-pack-result" /><!-- duration: 16ms -->
</step><!-- duration: 7231ms -->
