<step title="Incoming Request" date="2015-11-15T01:08:41.595" instance="424b22" url="/newsfeels.git/info/refs?service=git-receive-pack" method="GET" type="request" pid="7520,2,13" Connection="Keep-Alive" Pragma="no-cache" Accept="*/*" Accept-Encoding="gzip" Host="newsfeels.scm.azurewebsites.net" User-Agent="git/2.6.3" X-SITE-DEPLOYMENT-ID="newsfeels" >
  <step title="Cleanup Xml Logs" date="2015-11-15T01:08:41.595" /><!-- duration: 16ms -->
  <step title="InfoRefsService.Execute" date="2015-11-15T01:08:41.626" >
    <step title="Assuming git repository at D:\home\site\wwwroot" date="2015-11-15T01:08:41.644" /><!-- duration: 0ms -->
    <step title="InfoRefsService.SmartInfoRefs" date="2015-11-15T01:08:41.659" >
      <step title="Assuming git repository at D:\home\site\wwwroot" date="2015-11-15T01:08:41.675" /><!-- duration: 0ms -->
      <step title="GitExeServer.AdvertiseReceivePack" date="2015-11-15T01:08:41.692" >
        <step title="Executing external process" date="2015-11-15T01:08:41.692" type="process" path="git.exe" arguments="receive-pack --stateless-rpc --advertise-refs &quot;D:\home\site\wwwroot&quot;" /><!-- duration: 109ms -->
      </step><!-- duration: 109ms -->
      <step title="Writing 185 bytes" date="2015-11-15T01:08:41.817" /><!-- duration: 0ms -->
    </step><!-- duration: 157ms -->
  </step><!-- duration: 190ms -->
  <step title="Outgoing response" date="2015-11-15T01:08:41.832" type="response" statusCode="200" statusText="OK" Server="Microsoft-IIS/8.0" x-ms-request-id="0f64bf31-1165-43c4-a2ff-7fa6bf45320f" Pragma="no-cache" Cache-Control="must-revalidate, no-cache, max-age=0" Expires="Tue, 01 Jan 1980 00:00:00 GMT" Content-Length="185" X-AspNet-Version="4.0.30319" Content-Type="application/x-git-receive-pack-advertisement" /><!-- duration: 0ms -->
</step><!-- duration: 237ms -->
