<step title="Incoming Request" date="2015-11-14T21:16:36.871" instance="424b22" url="/newsfeels.git/info/refs?service=git-receive-pack" method="GET" type="request" pid="9500,2,31" Connection="Keep-Alive" Pragma="no-cache" Accept="*/*" Accept-Encoding="gzip" Host="newsfeels.scm.azurewebsites.net" User-Agent="git/2.6.3" X-SITE-DEPLOYMENT-ID="newsfeels" >
  <step title="Cleanup Xml Logs" date="2015-11-14T21:16:36.887" /><!-- duration: 0ms -->
  <step title="InfoRefsService.Execute" date="2015-11-14T21:16:36.902" >
    <step title="Assuming git repository at D:\home\site\wwwroot" date="2015-11-14T21:16:36.933" /><!-- duration: 0ms -->
    <step title="InfoRefsService.SmartInfoRefs" date="2015-11-14T21:16:36.949" >
      <step title="Assuming git repository at D:\home\site\wwwroot" date="2015-11-14T21:16:36.965" /><!-- duration: 0ms -->
      <step title="GitExeServer.AdvertiseReceivePack" date="2015-11-14T21:16:36.980" >
        <step title="Executing external process" date="2015-11-14T21:16:36.980" type="process" path="git.exe" arguments="receive-pack --stateless-rpc --advertise-refs &quot;D:\home\site\wwwroot&quot;" /><!-- duration: 80ms -->
      </step><!-- duration: 80ms -->
      <step title="Writing 185 bytes" date="2015-11-14T21:16:37.074" /><!-- duration: 0ms -->
    </step><!-- duration: 125ms -->
  </step><!-- duration: 172ms -->
  <step title="Outgoing response" date="2015-11-14T21:16:37.074" type="response" statusCode="200" statusText="OK" Server="Microsoft-IIS/8.0" x-ms-request-id="247e867e-d0f0-4ac2-8c85-297c70338e84" Pragma="no-cache" Cache-Control="must-revalidate, no-cache, max-age=0" Expires="Tue, 01 Jan 1980 00:00:00 GMT" Content-Length="185" X-AspNet-Version="4.0.30319" Content-Type="application/x-git-receive-pack-advertisement" /><!-- duration: 16ms -->
</step><!-- duration: 219ms -->
