<step title="Executing external process" date="2015-11-14T21:53:39.817" instance="424b22" type="process" path="kudu.exe" arguments="D:\home\site C:\Program Files (x86)\SiteExtensions\Kudu\48.41029.1889\msbuild" >
  <step title="Cleanup Xml Logs" date="2015-11-14T21:53:39.833" /><!-- duration: 16ms -->
  <step title="DeploymentManager.Deploy(id)" date="2015-11-14T21:53:39.973" >
    <step title="Collecting changeset information" date="2015-11-14T21:53:39.993" /><!-- duration: 42ms -->
    <step title="Updating to specific changeset" date="2015-11-14T21:53:40.036" /><!-- duration: 395ms -->
    <step title="Updating submodules" date="2015-11-14T21:53:40.431" /><!-- duration: 43ms -->
    <step title="Determining deployment builder" date="2015-11-14T21:53:40.536" >
      <step title="Builder is PythonSiteBuilder" date="2015-11-14T21:53:40.661" /><!-- duration: 0ms -->
    </step><!-- duration: 125ms -->
    <step title="Copying SSH keys" date="2015-11-14T21:53:40.677" /><!-- duration: 16ms -->
    <step title="Building" date="2015-11-14T21:53:40.739" >
      <step title="Generating deployment script" date="2015-11-14T21:53:40.786" >
        <step title="Using cached version of the deployment script for command: -y --no-dot-deployment -r &quot;D:\home\site\wwwroot&quot; -o &quot;D:\home\site\deployments\tools&quot; --python" date="2015-11-14T21:53:40.848" /><!-- duration: 0ms -->
      </step><!-- duration: 78ms -->
      <step title="Executing external process" date="2015-11-14T21:53:40.934" type="process" path="starter.cmd" arguments="&quot;D:\home\site\deployments\tools\deploy.cmd&quot;" /><!-- duration: 4516ms -->
      <step title="Purge deployment items" date="2015-11-14T21:53:45.671" >
        <step title="Remove c763e05fa, Success, received at 11/14/2015 6:02:14 PM" date="2015-11-14T21:53:45.686" /><!-- duration: 16ms -->
      </step><!-- duration: 31ms -->
    </step><!-- duration: 4963ms -->
  </step><!-- duration: 5729ms -->
  <step title="Cleaning up temp files" date="2015-11-14T21:53:45.718" /><!-- duration: 0ms -->
  <step title="WebHooksManager.PublishEventAsync: PostDeployment" date="2015-11-14T21:53:45.718" /><!-- duration: 344ms -->
</step><!-- duration: 6385ms -->
