<step title="Incoming Request" date="2015-11-14T16:28:54.121" instance="424b22" url="/newsfeels.git/info/refs?service=git-receive-pack" method="GET" type="request" pid="5604,2,11" Connection="Keep-Alive" Pragma="no-cache" Accept="*/*" Accept-Encoding="gzip" Host="newsfeels.scm.azurewebsites.net" User-Agent="git/2.6.3" X-SITE-DEPLOYMENT-ID="newsfeels" >
  <step title="InfoRefsService.Execute" date="2015-11-14T16:28:54.136" >
    <step title="Assuming git repository at D:\home\site\wwwroot" date="2015-11-14T16:28:54.152" /><!-- duration: 0ms -->
    <step title="InfoRefsService.SmartInfoRefs" date="2015-11-14T16:28:54.168" >
      <step title="Assuming git repository at D:\home\site\wwwroot" date="2015-11-14T16:28:54.183" /><!-- duration: 0ms -->
      <step title="GitExeServer.AdvertiseReceivePack" date="2015-11-14T16:28:54.199" >
        <step title="Executing external process" date="2015-11-14T16:28:54.199" type="process" path="git.exe" arguments="receive-pack --stateless-rpc --advertise-refs &quot;D:\home\site\wwwroot&quot;" /><!-- duration: 65ms -->
      </step><!-- duration: 65ms -->
      <step title="Writing 185 bytes" date="2015-11-14T16:28:54.264" /><!-- duration: 16ms -->
    </step><!-- duration: 112ms -->
  </step><!-- duration: 144ms -->
  <step title="Outgoing response" date="2015-11-14T16:28:54.280" type="response" statusCode="200" statusText="OK" Server="Microsoft-IIS/8.0" x-ms-request-id="4f0ba56a-f19f-4727-b2c7-2e4d919f7e61" Pragma="no-cache" Cache-Control="must-revalidate, no-cache, max-age=0" Expires="Tue, 01 Jan 1980 00:00:00 GMT" Content-Length="185" X-AspNet-Version="4.0.30319" Content-Type="application/x-git-receive-pack-advertisement" /><!-- duration: 16ms -->
</step><!-- duration: 175ms -->
