<step title="Executing external process" date="2015-11-14T23:05:34.100" instance="424b22" type="process" path="kudu.exe" arguments="D:\home\site C:\Program Files (x86)\SiteExtensions\Kudu\48.41029.1889\msbuild" >
  <step title="Cleanup Xml Logs" date="2015-11-14T23:05:34.115" /><!-- duration: 16ms -->
  <step title="DeploymentManager.Deploy(id)" date="2015-11-14T23:05:34.256" >
    <step title="Collecting changeset information" date="2015-11-14T23:05:34.272" /><!-- duration: 78ms -->
    <step title="Updating to specific changeset" date="2015-11-14T23:05:34.350" /><!-- duration: 375ms -->
    <step title="Updating submodules" date="2015-11-14T23:05:34.725" /><!-- duration: 31ms -->
    <step title="Determining deployment builder" date="2015-11-14T23:05:34.836" >
      <step title="Builder is PythonSiteBuilder" date="2015-11-14T23:05:34.945" /><!-- duration: 16ms -->
    </step><!-- duration: 125ms -->
    <step title="Copying SSH keys" date="2015-11-14T23:05:34.976" /><!-- duration: 0ms -->
    <step title="Building" date="2015-11-14T23:05:34.976" >
      <step title="Generating deployment script" date="2015-11-14T23:05:35.023" >
        <step title="Using cached version of the deployment script for command: -y --no-dot-deployment -r &quot;D:\home\site\wwwroot&quot; -o &quot;D:\home\site\deployments\tools&quot; --python" date="2015-11-14T23:05:35.070" /><!-- duration: 16ms -->
      </step><!-- duration: 63ms -->
      <step title="Executing external process" date="2015-11-14T23:05:35.164" type="process" path="starter.cmd" arguments="&quot;D:\home\site\deployments\tools\deploy.cmd&quot;" /><!-- duration: 4461ms -->
      <step title="Purge deployment items" date="2015-11-14T23:05:39.861" >
        <step title="Remove 8d512b2ca, Success, received at 11/14/2015 9:10:12 PM" date="2015-11-14T23:05:39.892" /><!-- duration: 0ms -->
      </step><!-- duration: 47ms -->
    </step><!-- duration: 4931ms -->
  </step><!-- duration: 5652ms -->
  <step title="Cleaning up temp files" date="2015-11-14T23:05:39.923" /><!-- duration: 0ms -->
  <step title="WebHooksManager.PublishEventAsync: PostDeployment" date="2015-11-14T23:05:39.923" /><!-- duration: 328ms -->
</step><!-- duration: 6292ms -->
