<step title="Incoming Request" date="2015-11-14T19:24:39.644" instance="424b22" url="/newsfeels.git/info/refs?service=git-receive-pack" method="GET" type="request" pid="3196,2,7" Connection="Keep-Alive" Pragma="no-cache" Accept="*/*" Accept-Encoding="gzip" Host="newsfeels.scm.azurewebsites.net" User-Agent="git/2.6.3" X-SITE-DEPLOYMENT-ID="newsfeels" >
  <step title="InfoRefsService.Execute" date="2015-11-14T19:24:39.972" >
    <step title="Assuming git repository at D:\home\site\wwwroot" date="2015-11-14T19:24:40.050" /><!-- duration: 16ms -->
    <step title="InfoRefsService.SmartInfoRefs" date="2015-11-14T19:24:40.066" >
      <step title="Assuming git repository at D:\home\site\wwwroot" date="2015-11-14T19:24:40.082" /><!-- duration: 16ms -->
      <step title="GitExeServer.AdvertiseReceivePack" date="2015-11-14T19:24:40.097" >
        <step title="Executing external process" date="2015-11-14T19:24:40.097" type="process" path="git.exe" arguments="receive-pack --stateless-rpc --advertise-refs &quot;D:\home\site\wwwroot&quot;" /><!-- duration: 62ms -->
      </step><!-- duration: 62ms -->
      <step title="Writing 185 bytes" date="2015-11-14T19:24:40.160" /><!-- duration: 0ms -->
    </step><!-- duration: 109ms -->
  </step><!-- duration: 203ms -->
  <step title="Outgoing response" date="2015-11-14T19:24:40.175" type="response" statusCode="200" statusText="OK" Server="Microsoft-IIS/8.0" x-ms-request-id="0406962f-3a7a-4c84-b5ba-10b75cf9c30d" Pragma="no-cache" Cache-Control="must-revalidate, no-cache, max-age=0" Expires="Tue, 01 Jan 1980 00:00:00 GMT" Content-Length="185" X-AspNet-Version="4.0.30319" Content-Type="application/x-git-receive-pack-advertisement" /><!-- duration: 0ms -->
</step><!-- duration: 531ms -->
