<step title="Executing external process" date="2015-11-15T01:13:38.897" instance="424b22" type="process" path="kudu.exe" arguments="D:\home\site C:\Program Files (x86)\SiteExtensions\Kudu\48.41029.1889\msbuild" >
  <step title="Cleanup Xml Logs" date="2015-11-15T01:13:38.928" /><!-- duration: 0ms -->
  <step title="DeploymentManager.Deploy(id)" date="2015-11-15T01:13:39.053" >
    <step title="Collecting changeset information" date="2015-11-15T01:13:39.068" /><!-- duration: 62ms -->
    <step title="Updating to specific changeset" date="2015-11-15T01:13:39.147" /><!-- duration: 359ms -->
    <step title="Updating submodules" date="2015-11-15T01:13:39.506" /><!-- duration: 47ms -->
    <step title="Determining deployment builder" date="2015-11-15T01:13:39.647" >
      <step title="Builder is PythonSiteBuilder" date="2015-11-15T01:13:39.818" /><!-- duration: 0ms -->
    </step><!-- duration: 172ms -->
    <step title="Copying SSH keys" date="2015-11-15T01:13:39.850" /><!-- duration: 0ms -->
    <step title="Building" date="2015-11-15T01:13:39.850" >
      <step title="Generating deployment script" date="2015-11-15T01:13:39.881" >
        <step title="Using cached version of the deployment script for command: -y --no-dot-deployment -r &quot;D:\home\site\wwwroot&quot; -o &quot;D:\home\site\deployments\tools&quot; --python" date="2015-11-15T01:13:39.959" /><!-- duration: 0ms -->
      </step><!-- duration: 94ms -->
      <step title="Executing external process" date="2015-11-15T01:13:40.053" type="process" path="starter.cmd" arguments="&quot;D:\home\site\deployments\tools\deploy.cmd&quot;" /><!-- duration: 4819ms -->
      <step title="Purge deployment items" date="2015-11-15T01:13:45.108" >
        <step title="Remove 56f949ccd, Success, received at 11/14/2015 10:47:12 PM" date="2015-11-15T01:13:45.155" /><!-- duration: 0ms -->
      </step><!-- duration: 47ms -->
    </step><!-- duration: 5321ms -->
  </step><!-- duration: 6118ms -->
  <step title="Cleaning up temp files" date="2015-11-15T01:13:45.171" /><!-- duration: 16ms -->
  <step title="WebHooksManager.PublishEventAsync: PostDeployment" date="2015-11-15T01:13:45.186" /><!-- duration: 359ms -->
</step><!-- duration: 6807ms -->
