<step title="Executing external process" date="2015-11-14T18:08:31.984" instance="424b22" type="process" path="kudu.exe" arguments="D:\home\site C:\Program Files (x86)\SiteExtensions\Kudu\48.41029.1889\msbuild" >
  <step title="Cleanup Xml Logs" date="2015-11-14T18:08:31.999" /><!-- duration: 0ms -->
  <step title="DeploymentManager.Deploy(id)" date="2015-11-14T18:08:32.109" >
    <step title="Collecting changeset information" date="2015-11-14T18:08:32.124" /><!-- duration: 62ms -->
    <step title="Updating to specific changeset" date="2015-11-14T18:08:32.187" /><!-- duration: 329ms -->
    <step title="Updating submodules" date="2015-11-14T18:08:32.516" /><!-- duration: 31ms -->
    <step title="Determining deployment builder" date="2015-11-14T18:08:32.610" >
      <step title="Builder is PythonSiteBuilder" date="2015-11-14T18:08:32.766" /><!-- duration: 0ms -->
    </step><!-- duration: 156ms -->
    <step title="Copying SSH keys" date="2015-11-14T18:08:32.797" /><!-- duration: 0ms -->
    <step title="Building" date="2015-11-14T18:08:32.797" >
      <step title="Generating deployment script" date="2015-11-14T18:08:32.844" >
        <step title="Using cached version of the deployment script for command: -y --no-dot-deployment -r &quot;D:\home\site\wwwroot&quot; -o &quot;D:\home\site\deployments\tools&quot; --python" date="2015-11-14T18:08:32.906" /><!-- duration: 0ms -->
      </step><!-- duration: 81ms -->
      <step title="Executing external process" date="2015-11-14T18:08:33.019" type="process" path="starter.cmd" arguments="&quot;D:\home\site\deployments\tools\deploy.cmd&quot;" /><!-- duration: 4407ms -->
    </step><!-- duration: 4793ms -->
  </step><!-- duration: 5497ms -->
  <step title="Cleaning up temp files" date="2015-11-14T18:08:37.606" /><!-- duration: 0ms -->
  <step title="WebHooksManager.PublishEventAsync: PostDeployment" date="2015-11-14T18:08:37.637" /><!-- duration: 359ms -->
</step><!-- duration: 6154ms -->
