<step title="Incoming Request" date="2015-11-14T21:36:14.728" instance="424b22" url="/newsfeels.git/info/refs?service=git-receive-pack" method="GET" type="request" pid="7716,2,7" Connection="Keep-Alive" Pragma="no-cache" Accept="*/*" Accept-Encoding="gzip" Host="newsfeels.scm.azurewebsites.net" User-Agent="git/2.6.3" X-SITE-DEPLOYMENT-ID="newsfeels" >
  <step title="InfoRefsService.Execute" date="2015-11-14T21:36:16.087" >
    <step title="Assuming git repository at D:\home\site\wwwroot" date="2015-11-14T21:36:16.181" /><!-- duration: 16ms -->
    <step title="InfoRefsService.SmartInfoRefs" date="2015-11-14T21:36:16.196" >
      <step title="Assuming git repository at D:\home\site\wwwroot" date="2015-11-14T21:36:16.212" /><!-- duration: 0ms -->
      <step title="GitExeServer.AdvertiseReceivePack" date="2015-11-14T21:36:16.228" >
        <step title="Executing external process" date="2015-11-14T21:36:16.243" type="process" path="git.exe" arguments="receive-pack --stateless-rpc --advertise-refs &quot;D:\home\site\wwwroot&quot;" /><!-- duration: 62ms -->
      </step><!-- duration: 78ms -->
      <step title="Writing 185 bytes" date="2015-11-14T21:36:16.321" /><!-- duration: 0ms -->
    </step><!-- duration: 125ms -->
  </step><!-- duration: 234ms -->
  <step title="Outgoing response" date="2015-11-14T21:36:16.368" type="response" statusCode="200" statusText="OK" Server="Microsoft-IIS/8.0" x-ms-request-id="ebe8251e-d6ab-470a-bde9-e14610cb4cd7" Pragma="no-cache" Cache-Control="must-revalidate, no-cache, max-age=0" Expires="Tue, 01 Jan 1980 00:00:00 GMT" Content-Length="185" X-AspNet-Version="4.0.30319" Content-Type="application/x-git-receive-pack-advertisement" /><!-- duration: 0ms -->
</step><!-- duration: 1641ms -->
