<step title="Executing external process" date="2015-11-14T22:47:12.482" instance="424b22" type="process" path="kudu.exe" arguments="D:\home\site C:\Program Files (x86)\SiteExtensions\Kudu\48.41029.1889\msbuild" >
  <step title="Cleanup Xml Logs" date="2015-11-14T22:47:12.497" /><!-- duration: 16ms -->
  <step title="DeploymentManager.Deploy(id)" date="2015-11-14T22:47:12.640" >
    <step title="Collecting changeset information" date="2015-11-14T22:47:12.655" /><!-- duration: 61ms -->
    <step title="Updating to specific changeset" date="2015-11-14T22:47:12.732" /><!-- duration: 375ms -->
    <step title="Updating submodules" date="2015-11-14T22:47:13.122" /><!-- duration: 31ms -->
    <step title="Determining deployment builder" date="2015-11-14T22:47:13.216" >
      <step title="Builder is PythonSiteBuilder" date="2015-11-14T22:47:13.372" /><!-- duration: 0ms -->
    </step><!-- duration: 156ms -->
    <step title="Copying SSH keys" date="2015-11-14T22:47:13.403" /><!-- duration: 0ms -->
    <step title="Building" date="2015-11-14T22:47:13.403" >
      <step title="Generating deployment script" date="2015-11-14T22:47:13.435" >
        <step title="Using cached version of the deployment script for command: -y --no-dot-deployment -r &quot;D:\home\site\wwwroot&quot; -o &quot;D:\home\site\deployments\tools&quot; --python" date="2015-11-14T22:47:13.513" /><!-- duration: 0ms -->
      </step><!-- duration: 109ms -->
      <step title="Executing external process" date="2015-11-14T22:47:13.622" type="process" path="starter.cmd" arguments="&quot;D:\home\site\deployments\tools\deploy.cmd&quot;" /><!-- duration: 4454ms -->
      <step title="Purge deployment items" date="2015-11-14T22:47:18.296" >
        <step title="Remove af31df414, Success, received at 11/14/2015 6:08:32 PM" date="2015-11-14T22:47:18.327" /><!-- duration: 0ms -->
      </step><!-- duration: 31ms -->
    </step><!-- duration: 4940ms -->
  </step><!-- duration: 5703ms -->
  <step title="Cleaning up temp files" date="2015-11-14T22:47:18.343" /><!-- duration: 0ms -->
  <step title="WebHooksManager.PublishEventAsync: PostDeployment" date="2015-11-14T22:47:18.359" /><!-- duration: 328ms -->
</step><!-- duration: 6330ms -->
