<step title="Executing external process" date="2015-11-15T01:00:48.271" instance="424b22" type="process" path="kudu.exe" arguments="D:\home\site C:\Program Files (x86)\SiteExtensions\Kudu\48.41029.1889\msbuild" >
  <step title="Cleanup Xml Logs" date="2015-11-15T01:00:48.287" /><!-- duration: 16ms -->
  <step title="DeploymentManager.Deploy(id)" date="2015-11-15T01:00:48.427" >
    <step title="Collecting changeset information" date="2015-11-15T01:00:48.443" /><!-- duration: 47ms -->
    <step title="Updating to specific changeset" date="2015-11-15T01:00:48.506" /><!-- duration: 359ms -->
    <step title="Updating submodules" date="2015-11-15T01:00:48.865" /><!-- duration: 47ms -->
    <step title="Determining deployment builder" date="2015-11-15T01:00:48.959" >
      <step title="Builder is PythonSiteBuilder" date="2015-11-15T01:00:49.099" /><!-- duration: 0ms -->
    </step><!-- duration: 141ms -->
    <step title="Copying SSH keys" date="2015-11-15T01:00:49.115" /><!-- duration: 0ms -->
    <step title="Building" date="2015-11-15T01:00:49.115" >
      <step title="Generating deployment script" date="2015-11-15T01:00:49.177" >
        <step title="Using cached version of the deployment script for command: -y --no-dot-deployment -r &quot;D:\home\site\wwwroot&quot; -o &quot;D:\home\site\deployments\tools&quot; --python" date="2015-11-15T01:00:49.256" /><!-- duration: 0ms -->
      </step><!-- duration: 94ms -->
      <step title="Executing external process" date="2015-11-15T01:00:49.349" type="process" path="starter.cmd" arguments="&quot;D:\home\site\deployments\tools\deploy.cmd&quot;" /><!-- duration: 4018ms -->
      <step title="Purge deployment items" date="2015-11-15T01:00:53.555" >
        <step title="Remove 07d9b6abb, Success, received at 11/14/2015 9:14:06 PM" date="2015-11-15T01:00:53.586" /><!-- duration: 0ms -->
      </step><!-- duration: 31ms -->
    </step><!-- duration: 4487ms -->
  </step><!-- duration: 5174ms -->
  <step title="Cleaning up temp files" date="2015-11-15T01:00:53.617" /><!-- duration: 0ms -->
  <step title="WebHooksManager.PublishEventAsync: PostDeployment" date="2015-11-15T01:00:53.633" /><!-- duration: 344ms -->
</step><!-- duration: 5831ms -->
