<step title="Executing external process" date="2015-11-14T21:10:12.752" instance="424b22" type="process" path="kudu.exe" arguments="D:\home\site C:\Program Files (x86)\SiteExtensions\Kudu\48.41029.1889\msbuild" >
  <step title="Cleanup Xml Logs" date="2015-11-14T21:10:12.768" /><!-- duration: 16ms -->
  <step title="DeploymentManager.Deploy(id)" date="2015-11-14T21:10:12.924" >
    <step title="Collecting changeset information" date="2015-11-14T21:10:12.924" /><!-- duration: 63ms -->
    <step title="Updating to specific changeset" date="2015-11-14T21:10:12.987" /><!-- duration: 281ms -->
    <step title="Updating submodules" date="2015-11-14T21:10:13.268" /><!-- duration: 31ms -->
    <step title="Determining deployment builder" date="2015-11-14T21:10:13.362" >
      <step title="Builder is PythonSiteBuilder" date="2015-11-14T21:10:13.471" /><!-- duration: 16ms -->
    </step><!-- duration: 125ms -->
    <step title="Copying SSH keys" date="2015-11-14T21:10:13.502" /><!-- duration: 16ms -->
    <step title="Building" date="2015-11-14T21:10:13.518" >
      <step title="Generating deployment script" date="2015-11-14T21:10:13.549" >
        <step title="Using cached version of the deployment script for command: -y --no-dot-deployment -r &quot;D:\home\site\wwwroot&quot; -o &quot;D:\home\site\deployments\tools&quot; --python" date="2015-11-14T21:10:13.596" /><!-- duration: 16ms -->
      </step><!-- duration: 63ms -->
      <step title="Executing external process" date="2015-11-14T21:10:13.690" type="process" path="starter.cmd" arguments="&quot;D:\home\site\deployments\tools\deploy.cmd&quot;" /><!-- duration: 3775ms -->
    </step><!-- duration: 4150ms -->
  </step><!-- duration: 4744ms -->
  <step title="Cleaning up temp files" date="2015-11-14T21:10:17.668" /><!-- duration: 15ms -->
  <step title="WebHooksManager.PublishEventAsync: PostDeployment" date="2015-11-14T21:10:17.683" /><!-- duration: 328ms -->
</step><!-- duration: 5384ms -->
