<step title="Incoming Request" date="2015-11-14T16:28:09.396" instance="424b22" url="/newsfeels.git/info/refs?service=git-upload-pack" method="GET" type="request" pid="5604,2,7" Connection="Keep-Alive" Pragma="no-cache" Accept="*/*" Accept-Encoding="gzip" Host="newsfeels.scm.azurewebsites.net" User-Agent="git/2.6.3" X-SITE-DEPLOYMENT-ID="newsfeels" >
  <step title="InfoRefsService.Execute" date="2015-11-14T16:28:09.513" >
    <step title="InfoRefsService.SmartInfoRefs" date="2015-11-14T16:28:09.591" >
      <step title="LibGit2SharpRepository Initialize" date="2015-11-14T16:28:09.638" >
        <step title="Configure git server" date="2015-11-14T16:28:10.068" /><!-- duration: 31ms -->
        <step title="Create deny users for .git folder" date="2015-11-14T16:28:10.099" /><!-- duration: 0ms -->
        <step title="Configure git-credential" date="2015-11-14T16:28:10.099" /><!-- duration: 35ms -->
        <step title="Setup post receive hook" date="2015-11-14T16:28:10.134" /><!-- duration: 12ms -->
      </step><!-- duration: 508ms -->
      <step title="Assuming git repository at D:\home\site\wwwroot" date="2015-11-14T16:28:12.611" /><!-- duration: 0ms -->
      <step title="GitExeServer.AdvertiseUploadPack" date="2015-11-14T16:28:12.627" >
        <step title="Executing external process" date="2015-11-14T16:28:12.628" type="process" path="git.exe" arguments="upload-pack --stateless-rpc --advertise-refs &quot;D:\home\site\wwwroot&quot;" /><!-- duration: 78ms -->
      </step><!-- duration: 95ms -->
      <step title="Writing 290 bytes" date="2015-11-14T16:28:12.722" /><!-- duration: 0ms -->
    </step><!-- duration: 3131ms -->
  </step><!-- duration: 3209ms -->
  <step title="Outgoing response" date="2015-11-14T16:28:12.738" type="response" statusCode="200" statusText="OK" Server="Microsoft-IIS/8.0" x-ms-request-id="7a0bb6a6-a758-467c-ab76-1b5fa62ed072" Pragma="no-cache" Cache-Control="must-revalidate, no-cache, max-age=0" Expires="Tue, 01 Jan 1980 00:00:00 GMT" Content-Length="290" X-AspNet-Version="4.0.30319" Content-Type="application/x-git-upload-pack-advertisement" /><!-- duration: 0ms -->
</step><!-- duration: 3342ms -->
