<step title="Incoming Request" date="2015-11-14T23:05:32.381" instance="424b22" url="/newsfeels.git/info/refs?service=git-receive-pack" method="GET" type="request" pid="7008,2,37" Connection="Keep-Alive" Pragma="no-cache" Accept="*/*" Accept-Encoding="gzip" Host="newsfeels.scm.azurewebsites.net" User-Agent="git/2.6.3" X-SITE-DEPLOYMENT-ID="newsfeels" >
  <step title="Cleanup Xml Logs" date="2015-11-14T23:05:32.381" /><!-- duration: 16ms -->
  <step title="InfoRefsService.Execute" date="2015-11-14T23:05:32.412" >
    <step title="Assuming git repository at D:\home\site\wwwroot" date="2015-11-14T23:05:32.443" /><!-- duration: 0ms -->
    <step title="InfoRefsService.SmartInfoRefs" date="2015-11-14T23:05:32.443" >
      <step title="Assuming git repository at D:\home\site\wwwroot" date="2015-11-14T23:05:32.459" /><!-- duration: 0ms -->
      <step title="GitExeServer.AdvertiseReceivePack" date="2015-11-14T23:05:32.475" >
        <step title="Executing external process" date="2015-11-14T23:05:32.475" type="process" path="git.exe" arguments="receive-pack --stateless-rpc --advertise-refs &quot;D:\home\site\wwwroot&quot;" /><!-- duration: 63ms -->
      </step><!-- duration: 78ms -->
      <step title="Writing 185 bytes" date="2015-11-14T23:05:32.553" /><!-- duration: 4ms -->
    </step><!-- duration: 114ms -->
  </step><!-- duration: 145ms -->
  <step title="Outgoing response" date="2015-11-14T23:05:32.557" type="response" statusCode="200" statusText="OK" Server="Microsoft-IIS/8.0" x-ms-request-id="eedb841d-b7a1-4e86-bc96-392324f20f79" Pragma="no-cache" Cache-Control="must-revalidate, no-cache, max-age=0" Expires="Tue, 01 Jan 1980 00:00:00 GMT" Content-Length="185" X-AspNet-Version="4.0.30319" Content-Type="application/x-git-receive-pack-advertisement" /><!-- duration: 0ms -->
</step><!-- duration: 192ms -->
