<step title="Incoming Request" date="2015-11-14T23:09:41.964" instance="424b22" url="/newsfeels.git/info/refs?service=git-receive-pack" method="GET" type="request" pid="7008,2,39" Connection="Keep-Alive" Pragma="no-cache" Accept="*/*" Accept-Encoding="gzip" Host="newsfeels.scm.azurewebsites.net" User-Agent="git/2.6.3" X-SITE-DEPLOYMENT-ID="newsfeels" >
  <step title="Cleanup Xml Logs" date="2015-11-14T23:09:41.966" /><!-- duration: 0ms -->
  <step title="InfoRefsService.Execute" date="2015-11-14T23:09:41.966" >
    <step title="Assuming git repository at D:\home\site\wwwroot" date="2015-11-14T23:09:41.997" /><!-- duration: 0ms -->
    <step title="InfoRefsService.SmartInfoRefs" date="2015-11-14T23:09:42.013" >
      <step title="Assuming git repository at D:\home\site\wwwroot" date="2015-11-14T23:09:42.029" /><!-- duration: 0ms -->
      <step title="GitExeServer.AdvertiseReceivePack" date="2015-11-14T23:09:42.044" >
        <step title="Executing external process" date="2015-11-14T23:09:42.044" type="process" path="git.exe" arguments="receive-pack --stateless-rpc --advertise-refs &quot;D:\home\site\wwwroot&quot;" /><!-- duration: 63ms -->
      </step><!-- duration: 63ms -->
      <step title="Writing 185 bytes" date="2015-11-14T23:09:42.107" /><!-- duration: 16ms -->
    </step><!-- duration: 109ms -->
  </step><!-- duration: 156ms -->
  <step title="Outgoing response" date="2015-11-14T23:09:42.122" type="response" statusCode="200" statusText="OK" Server="Microsoft-IIS/8.0" x-ms-request-id="94a10db4-b64d-477f-a33a-06931e7c18af" Pragma="no-cache" Cache-Control="must-revalidate, no-cache, max-age=0" Expires="Tue, 01 Jan 1980 00:00:00 GMT" Content-Length="185" X-AspNet-Version="4.0.30319" Content-Type="application/x-git-receive-pack-advertisement" /><!-- duration: 0ms -->
</step><!-- duration: 174ms -->
