<step title="Incoming Request" date="2015-11-15T01:00:46.058" instance="424b22" url="/newsfeels.git/info/refs?service=git-receive-pack" method="GET" type="request" pid="9404,2,10" Connection="Keep-Alive" Pragma="no-cache" Accept="*/*" Accept-Encoding="gzip" Host="newsfeels.scm.azurewebsites.net" User-Agent="git/2.6.3" X-SITE-DEPLOYMENT-ID="newsfeels" >
  <step title="InfoRefsService.Execute" date="2015-11-15T01:00:46.074" >
    <step title="Assuming git repository at D:\home\site\wwwroot" date="2015-11-15T01:00:46.183" /><!-- duration: 0ms -->
    <step title="InfoRefsService.SmartInfoRefs" date="2015-11-15T01:00:46.199" >
      <step title="Assuming git repository at D:\home\site\wwwroot" date="2015-11-15T01:00:46.218" /><!-- duration: 0ms -->
      <step title="GitExeServer.AdvertiseReceivePack" date="2015-11-15T01:00:46.234" >
        <step title="Executing external process" date="2015-11-15T01:00:46.246" type="process" path="git.exe" arguments="receive-pack --stateless-rpc --advertise-refs &quot;D:\home\site\wwwroot&quot;" /><!-- duration: 78ms -->
      </step><!-- duration: 90ms -->
      <step title="Writing 185 bytes" date="2015-11-15T01:00:46.324" /><!-- duration: 16ms -->
    </step><!-- duration: 141ms -->
  </step><!-- duration: 266ms -->
  <step title="Outgoing response" date="2015-11-15T01:00:46.355" type="response" statusCode="200" statusText="OK" Server="Microsoft-IIS/8.0" x-ms-request-id="b54c4ba2-9caf-4d3f-a3fd-a46e41b4060c" Pragma="no-cache" Cache-Control="must-revalidate, no-cache, max-age=0" Expires="Tue, 01 Jan 1980 00:00:00 GMT" Content-Length="185" X-AspNet-Version="4.0.30319" Content-Type="application/x-git-receive-pack-advertisement" /><!-- duration: 0ms -->
</step><!-- duration: 297ms -->
