<step title="Executing external process" date="2015-11-14T21:12:59.368" instance="424b22" type="process" path="kudu.exe" arguments="D:\home\site C:\Program Files (x86)\SiteExtensions\Kudu\48.41029.1889\msbuild" >
  <step title="Cleanup Xml Logs" date="2015-11-14T21:12:59.384" /><!-- duration: 0ms -->
  <step title="DeploymentManager.Deploy(id)" date="2015-11-14T21:12:59.525" >
    <step title="Collecting changeset information" date="2015-11-14T21:12:59.525" /><!-- duration: 62ms -->
    <step title="Updating to specific changeset" date="2015-11-14T21:12:59.603" /><!-- duration: 281ms -->
    <step title="Updating submodules" date="2015-11-14T21:12:59.900" /><!-- duration: 47ms -->
    <step title="Determining deployment builder" date="2015-11-14T21:13:00.040" >
      <step title="Builder is PythonSiteBuilder" date="2015-11-14T21:13:00.165" /><!-- duration: 0ms -->
    </step><!-- duration: 125ms -->
    <step title="Copying SSH keys" date="2015-11-14T21:13:00.196" /><!-- duration: 0ms -->
    <step title="Building" date="2015-11-14T21:13:00.196" >
      <step title="Generating deployment script" date="2015-11-14T21:13:00.228" >
        <step title="Using cached version of the deployment script for command: -y --no-dot-deployment -r &quot;D:\home\site\wwwroot&quot; -o &quot;D:\home\site\deployments\tools&quot; --python" date="2015-11-14T21:13:00.306" /><!-- duration: 0ms -->
      </step><!-- duration: 94ms -->
      <step title="Executing external process" date="2015-11-14T21:13:00.415" type="process" path="starter.cmd" arguments="&quot;D:\home\site\deployments\tools\deploy.cmd&quot;" /><!-- duration: 4154ms -->
    </step><!-- duration: 4576ms -->
  </step><!-- duration: 5264ms -->
  <step title="Cleaning up temp files" date="2015-11-14T21:13:04.788" /><!-- duration: 0ms -->
  <step title="WebHooksManager.PublishEventAsync: PostDeployment" date="2015-11-14T21:13:04.804" /><!-- duration: 313ms -->
</step><!-- duration: 5889ms -->
