<step title="Executing external process" date="2015-11-14T21:47:43.222" instance="424b22" type="process" path="kudu.exe" arguments="D:\home\site C:\Program Files (x86)\SiteExtensions\Kudu\48.41029.1889\msbuild" >
  <step title="Cleanup Xml Logs" date="2015-11-14T21:47:43.238" /><!-- duration: 16ms -->
  <step title="DeploymentManager.Deploy(id)" date="2015-11-14T21:47:43.378" >
    <step title="Collecting changeset information" date="2015-11-14T21:47:43.394" /><!-- duration: 62ms -->
    <step title="Updating to specific changeset" date="2015-11-14T21:47:43.457" /><!-- duration: 1751ms -->
    <step title="Updating submodules" date="2015-11-14T21:47:45.208" /><!-- duration: 47ms -->
    <step title="Determining deployment builder" date="2015-11-14T21:47:45.304" >
      <step title="Builder is PythonSiteBuilder" date="2015-11-14T21:47:45.461" /><!-- duration: 0ms -->
    </step><!-- duration: 156ms -->
    <step title="Copying SSH keys" date="2015-11-14T21:47:45.476" /><!-- duration: 16ms -->
    <step title="Building" date="2015-11-14T21:47:45.492" >
      <step title="Generating deployment script" date="2015-11-14T21:47:45.539" >
        <step title="Using cached version of the deployment script for command: -y --no-dot-deployment -r &quot;D:\home\site\wwwroot&quot; -o &quot;D:\home\site\deployments\tools&quot; --python" date="2015-11-14T21:47:45.617" /><!-- duration: 16ms -->
      </step><!-- duration: 109ms -->
      <step title="Executing external process" date="2015-11-14T21:47:45.742" type="process" path="starter.cmd" arguments="&quot;D:\home\site\deployments\tools\deploy.cmd&quot;" /><!-- duration: 88319ms -->
      <step title="Purge deployment items" date="2015-11-14T21:49:14.329" >
        <step title="Remove fb8092d9c, Success, received at 11/14/2015 5:48:59 PM" date="2015-11-14T21:49:14.360" /><!-- duration: 0ms -->
      </step><!-- duration: 31ms -->
    </step><!-- duration: 88884ms -->
  </step><!-- duration: 90997ms -->
  <step title="Cleaning up temp files" date="2015-11-14T21:49:14.376" /><!-- duration: 0ms -->
  <step title="WebHooksManager.PublishEventAsync: PostDeployment" date="2015-11-14T21:49:14.392" /><!-- duration: 359ms -->
</step><!-- duration: 91638ms -->
