<step title="Incoming Request" date="2015-11-14T21:09:37.009" instance="424b22" url="/newsfeels.git/info/refs?service=git-receive-pack" method="GET" type="request" pid="9500,2,8" Connection="Keep-Alive" Pragma="no-cache" Accept="*/*" Accept-Encoding="gzip" Host="newsfeels.scm.azurewebsites.net" User-Agent="git/2.6.3" X-SITE-DEPLOYMENT-ID="newsfeels" >
  <step title="InfoRefsService.Execute" date="2015-11-14T21:09:37.337" >
    <step title="Assuming git repository at D:\home\site\wwwroot" date="2015-11-14T21:09:37.431" /><!-- duration: 0ms -->
    <step title="InfoRefsService.SmartInfoRefs" date="2015-11-14T21:09:37.431" >
      <step title="Assuming git repository at D:\home\site\wwwroot" date="2015-11-14T21:09:37.462" /><!-- duration: 0ms -->
      <step title="GitExeServer.AdvertiseReceivePack" date="2015-11-14T21:09:37.462" >
        <step title="Executing external process" date="2015-11-14T21:09:37.478" type="process" path="git.exe" arguments="receive-pack --stateless-rpc --advertise-refs &quot;D:\home\site\wwwroot&quot;" /><!-- duration: 48ms -->
      </step><!-- duration: 64ms -->
      <step title="Writing 185 bytes" date="2015-11-14T21:09:37.526" /><!-- duration: 16ms -->
    </step><!-- duration: 111ms -->
  </step><!-- duration: 205ms -->
  <step title="Outgoing response" date="2015-11-14T21:09:37.542" type="response" statusCode="200" statusText="OK" Server="Microsoft-IIS/8.0" x-ms-request-id="a0ce519d-7ede-458d-a986-22c72dace550" Pragma="no-cache" Cache-Control="must-revalidate, no-cache, max-age=0" Expires="Tue, 01 Jan 1980 00:00:00 GMT" Content-Length="185" X-AspNet-Version="4.0.30319" Content-Type="application/x-git-receive-pack-advertisement" /><!-- duration: 16ms -->
</step><!-- duration: 548ms -->
