<step title="Executing external process" date="2015-11-14T21:09:38.864" instance="424b22" type="process" path="kudu.exe" arguments="D:\home\site C:\Program Files (x86)\SiteExtensions\Kudu\48.41029.1889\msbuild" >
  <step title="Cleanup Xml Logs" date="2015-11-14T21:09:38.880" /><!-- duration: 16ms -->
  <step title="DeploymentManager.Deploy(id)" date="2015-11-14T21:09:39.005" >
    <step title="Collecting changeset information" date="2015-11-14T21:09:39.020" /><!-- duration: 47ms -->
    <step title="Updating to specific changeset" date="2015-11-14T21:09:39.083" /><!-- duration: 250ms -->
    <step title="Updating submodules" date="2015-11-14T21:09:39.333" /><!-- duration: 31ms -->
    <step title="Determining deployment builder" date="2015-11-14T21:09:39.442" >
      <step title="Builder is PythonSiteBuilder" date="2015-11-14T21:09:39.567" /><!-- duration: 0ms -->
    </step><!-- duration: 125ms -->
    <step title="Copying SSH keys" date="2015-11-14T21:09:39.583" /><!-- duration: 0ms -->
    <step title="Building" date="2015-11-14T21:09:39.598" >
      <step title="Generating deployment script" date="2015-11-14T21:09:39.630" >
        <step title="Using cached version of the deployment script for command: -y --no-dot-deployment -r &quot;D:\home\site\wwwroot&quot; -o &quot;D:\home\site\deployments\tools&quot; --python" date="2015-11-14T21:09:39.692" /><!-- duration: 0ms -->
      </step><!-- duration: 63ms -->
      <step title="Executing external process" date="2015-11-14T21:09:39.817" type="process" path="starter.cmd" arguments="&quot;D:\home\site\deployments\tools\deploy.cmd&quot;" /><!-- duration: 4086ms -->
    </step><!-- duration: 4601ms -->
  </step><!-- duration: 5195ms -->
  <step title="Cleaning up temp files" date="2015-11-14T21:09:44.200" /><!-- duration: 16ms -->
  <step title="WebHooksManager.PublishEventAsync: PostDeployment" date="2015-11-14T21:09:44.231" /><!-- duration: 344ms -->
</step><!-- duration: 5852ms -->
