<step title="Incoming Request" date="2015-11-14T21:10:11.453" instance="424b22" url="/newsfeels.git/info/refs?service=git-receive-pack" method="GET" type="request" pid="9500,2,10" Connection="Keep-Alive" Pragma="no-cache" Accept="*/*" Accept-Encoding="gzip" Host="newsfeels.scm.azurewebsites.net" User-Agent="git/2.6.3" X-SITE-DEPLOYMENT-ID="newsfeels" >
  <step title="Cleanup Xml Logs" date="2015-11-14T21:10:11.453" /><!-- duration: 16ms -->
  <step title="InfoRefsService.Execute" date="2015-11-14T21:10:11.468" >
    <step title="Assuming git repository at D:\home\site\wwwroot" date="2015-11-14T21:10:11.484" /><!-- duration: 0ms -->
    <step title="InfoRefsService.SmartInfoRefs" date="2015-11-14T21:10:11.484" >
      <step title="Assuming git repository at D:\home\site\wwwroot" date="2015-11-14T21:10:11.500" /><!-- duration: 63ms -->
      <step title="GitExeServer.AdvertiseReceivePack" date="2015-11-14T21:10:11.578" >
        <step title="Executing external process" date="2015-11-14T21:10:11.578" type="process" path="git.exe" arguments="receive-pack --stateless-rpc --advertise-refs &quot;D:\home\site\wwwroot&quot;" /><!-- duration: 63ms -->
      </step><!-- duration: 63ms -->
      <step title="Writing 185 bytes" date="2015-11-14T21:10:11.656" /><!-- duration: 0ms -->
    </step><!-- duration: 172ms -->
  </step><!-- duration: 188ms -->
  <step title="Outgoing response" date="2015-11-14T21:10:11.656" type="response" statusCode="200" statusText="OK" Server="Microsoft-IIS/8.0" x-ms-request-id="c3ba78cf-4092-42b6-a218-95f2804d4e4d" Pragma="no-cache" Cache-Control="must-revalidate, no-cache, max-age=0" Expires="Tue, 01 Jan 1980 00:00:00 GMT" Content-Length="185" X-AspNet-Version="4.0.30319" Content-Type="application/x-git-receive-pack-advertisement" /><!-- duration: 0ms -->
</step><!-- duration: 219ms -->
