<step title="Executing external process" date="2015-11-14T21:21:33.408" instance="424b22" type="process" path="kudu.exe" arguments="D:\home\site C:\Program Files (x86)\SiteExtensions\Kudu\48.41029.1889\msbuild" >
  <step title="Cleanup Xml Logs" date="2015-11-14T21:21:33.424" /><!-- duration: 16ms -->
  <step title="DeploymentManager.Deploy(id)" date="2015-11-14T21:21:33.611" >
    <step title="Collecting changeset information" date="2015-11-14T21:21:33.627" /><!-- duration: 47ms -->
    <step title="Updating to specific changeset" date="2015-11-14T21:21:33.689" /><!-- duration: 266ms -->
    <step title="Updating submodules" date="2015-11-14T21:21:33.970" /><!-- duration: 31ms -->
    <step title="Determining deployment builder" date="2015-11-14T21:21:34.064" >
      <step title="Builder is PythonSiteBuilder" date="2015-11-14T21:21:34.220" /><!-- duration: 16ms -->
    </step><!-- duration: 172ms -->
    <step title="Copying SSH keys" date="2015-11-14T21:21:34.252" /><!-- duration: 16ms -->
    <step title="Building" date="2015-11-14T21:21:34.267" >
      <step title="Generating deployment script" date="2015-11-14T21:21:34.314" >
        <step title="Using cached version of the deployment script for command: -y --no-dot-deployment -r &quot;D:\home\site\wwwroot&quot; -o &quot;D:\home\site\deployments\tools&quot; --python" date="2015-11-14T21:21:34.377" /><!-- duration: 0ms -->
      </step><!-- duration: 63ms -->
      <step title="Executing external process" date="2015-11-14T21:21:34.470" type="process" path="starter.cmd" arguments="&quot;D:\home\site\deployments\tools\deploy.cmd&quot;" /><!-- duration: 111835ms -->
      <step title="Purge deployment items" date="2015-11-14T21:23:26.557" >
        <step title="Remove b0fd02c8b, Success, received at 11/14/2015 4:57:16 PM" date="2015-11-14T21:23:26.591" /><!-- duration: 0ms -->
      </step><!-- duration: 34ms -->
    </step><!-- duration: 112358ms -->
  </step><!-- duration: 113014ms -->
  <step title="Cleaning up temp files" date="2015-11-14T21:23:26.625" /><!-- duration: 13ms -->
  <step title="WebHooksManager.PublishEventAsync: PostDeployment" date="2015-11-14T21:23:26.639" /><!-- duration: 343ms -->
</step><!-- duration: 113699ms -->
