<step title="Executing external process" date="2015-11-14T21:16:38.425" instance="424b22" type="process" path="kudu.exe" arguments="D:\home\site C:\Program Files (x86)\SiteExtensions\Kudu\48.41029.1889\msbuild" >
  <step title="Cleanup Xml Logs" date="2015-11-14T21:16:38.425" /><!-- duration: 16ms -->
  <step title="DeploymentManager.Deploy(id)" date="2015-11-14T21:16:38.566" >
    <step title="Collecting changeset information" date="2015-11-14T21:16:38.581" /><!-- duration: 62ms -->
    <step title="Updating to specific changeset" date="2015-11-14T21:16:38.659" /><!-- duration: 250ms -->
    <step title="Updating submodules" date="2015-11-14T21:16:38.909" /><!-- duration: 47ms -->
    <step title="Determining deployment builder" date="2015-11-14T21:16:39.034" >
      <step title="Builder is PythonSiteBuilder" date="2015-11-14T21:16:39.159" /><!-- duration: 0ms -->
    </step><!-- duration: 125ms -->
    <step title="Copying SSH keys" date="2015-11-14T21:16:39.175" /><!-- duration: 16ms -->
    <step title="Building" date="2015-11-14T21:16:39.191" >
      <step title="Generating deployment script" date="2015-11-14T21:16:39.222" >
        <step title="Using cached version of the deployment script for command: -y --no-dot-deployment -r &quot;D:\home\site\wwwroot&quot; -o &quot;D:\home\site\deployments\tools&quot; --python" date="2015-11-14T21:16:39.284" /><!-- duration: 0ms -->
      </step><!-- duration: 78ms -->
      <step title="Executing external process" date="2015-11-14T21:16:39.394" type="process" path="starter.cmd" arguments="&quot;D:\home\site\deployments\tools\deploy.cmd&quot;" /><!-- duration: 4026ms -->
      <step title="Purge deployment items" date="2015-11-14T21:16:43.644" >
        <step title="Remove c30d8ee64, Success, received at 11/14/2015 4:53:44 PM" date="2015-11-14T21:16:43.676" /><!-- duration: 0ms -->
      </step><!-- duration: 48ms -->
    </step><!-- duration: 4502ms -->
  </step><!-- duration: 5142ms -->
  <step title="Cleaning up temp files" date="2015-11-14T21:16:43.708" /><!-- duration: 0ms -->
  <step title="WebHooksManager.PublishEventAsync: PostDeployment" date="2015-11-14T21:16:43.723" /><!-- duration: 344ms -->
</step><!-- duration: 5798ms -->
