<step title="Executing external process" date="2015-11-14T23:09:43.513" instance="424b22" type="process" path="kudu.exe" arguments="D:\home\site C:\Program Files (x86)\SiteExtensions\Kudu\48.41029.1889\msbuild" >
  <step title="Cleanup Xml Logs" date="2015-11-14T23:09:43.528" /><!-- duration: 0ms -->
  <step title="DeploymentManager.Deploy(id)" date="2015-11-14T23:09:43.653" >
    <step title="Collecting changeset information" date="2015-11-14T23:09:43.669" /><!-- duration: 47ms -->
    <step title="Updating to specific changeset" date="2015-11-14T23:09:43.716" /><!-- duration: 344ms -->
    <step title="Updating submodules" date="2015-11-14T23:09:44.075" /><!-- duration: 78ms -->
    <step title="Determining deployment builder" date="2015-11-14T23:09:44.216" >
      <step title="Builder is PythonSiteBuilder" date="2015-11-14T23:09:44.341" /><!-- duration: 0ms -->
    </step><!-- duration: 125ms -->
    <step title="Copying SSH keys" date="2015-11-14T23:09:44.372" /><!-- duration: 0ms -->
    <step title="Building" date="2015-11-14T23:09:44.372" >
      <step title="Generating deployment script" date="2015-11-14T23:09:44.404" >
        <step title="Using cached version of the deployment script for command: -y --no-dot-deployment -r &quot;D:\home\site\wwwroot&quot; -o &quot;D:\home\site\deployments\tools&quot; --python" date="2015-11-14T23:09:44.467" /><!-- duration: 0ms -->
      </step><!-- duration: 78ms -->
      <step title="Executing external process" date="2015-11-14T23:09:44.578" type="process" path="starter.cmd" arguments="&quot;D:\home\site\deployments\tools\deploy.cmd&quot;" /><!-- duration: 4254ms -->
      <step title="Purge deployment items" date="2015-11-14T23:09:49.100" >
        <step title="Remove e2525976d, Success, received at 11/14/2015 9:12:59 PM" date="2015-11-14T23:09:49.163" /><!-- duration: 0ms -->
      </step><!-- duration: 62ms -->
    </step><!-- duration: 4807ms -->
  </step><!-- duration: 5526ms -->
  <step title="Cleaning up temp files" date="2015-11-14T23:09:49.194" /><!-- duration: 0ms -->
  <step title="WebHooksManager.PublishEventAsync: PostDeployment" date="2015-11-14T23:09:49.210" /><!-- duration: 361ms -->
</step><!-- duration: 6182ms -->
