<step title="Executing external process" date="2015-11-14T23:03:00.355" instance="424b22" type="process" path="kudu.exe" arguments="D:\home\site C:\Program Files (x86)\SiteExtensions\Kudu\48.41029.1889\msbuild" >
  <step title="Cleanup Xml Logs" date="2015-11-14T23:03:00.371" /><!-- duration: 0ms -->
  <step title="DeploymentManager.Deploy(id)" date="2015-11-14T23:03:00.496" >
    <step title="Collecting changeset information" date="2015-11-14T23:03:00.512" /><!-- duration: 47ms -->
    <step title="Updating to specific changeset" date="2015-11-14T23:03:00.574" /><!-- duration: 379ms -->
    <step title="Updating submodules" date="2015-11-14T23:03:00.953" /><!-- duration: 55ms -->
    <step title="Determining deployment builder" date="2015-11-14T23:03:01.059" >
      <step title="Builder is PythonSiteBuilder" date="2015-11-14T23:03:01.184" /><!-- duration: 0ms -->
    </step><!-- duration: 125ms -->
    <step title="Copying SSH keys" date="2015-11-14T23:03:01.199" /><!-- duration: 16ms -->
    <step title="Building" date="2015-11-14T23:03:01.215" >
      <step title="Generating deployment script" date="2015-11-14T23:03:01.248" >
        <step title="Using cached version of the deployment script for command: -y --no-dot-deployment -r &quot;D:\home\site\wwwroot&quot; -o &quot;D:\home\site\deployments\tools&quot; --python" date="2015-11-14T23:03:01.295" /><!-- duration: 0ms -->
      </step><!-- duration: 63ms -->
      <step title="Executing external process" date="2015-11-14T23:03:01.389" type="process" path="starter.cmd" arguments="&quot;D:\home\site\deployments\tools\deploy.cmd&quot;" /><!-- duration: 4289ms -->
      <step title="Purge deployment items" date="2015-11-14T23:03:05.899" >
        <step title="Remove 71fe2dba3, Success, received at 11/14/2015 9:09:39 PM" date="2015-11-14T23:03:05.931" /><!-- duration: 0ms -->
      </step><!-- duration: 47ms -->
    </step><!-- duration: 4747ms -->
  </step><!-- duration: 5466ms -->
  <step title="Cleaning up temp files" date="2015-11-14T23:03:05.962" /><!-- duration: 0ms -->
  <step title="WebHooksManager.PublishEventAsync: PostDeployment" date="2015-11-14T23:03:05.997" /><!-- duration: 340ms -->
</step><!-- duration: 6124ms -->
