<step title="Executing external process" date="2015-11-14T18:02:14.357" instance="424b22" type="process" path="kudu.exe" arguments="D:\home\site C:\Program Files (x86)\SiteExtensions\Kudu\48.41029.1889\msbuild" >
  <step title="Cleanup Xml Logs" date="2015-11-14T18:02:14.383" /><!-- duration: 0ms -->
  <step title="DeploymentManager.Deploy(id)" date="2015-11-14T18:02:14.508" >
    <step title="Collecting changeset information" date="2015-11-14T18:02:14.524" /><!-- duration: 63ms -->
    <step title="Updating to specific changeset" date="2015-11-14T18:02:14.586" /><!-- duration: 281ms -->
    <step title="Updating submodules" date="2015-11-14T18:02:14.868" /><!-- duration: 31ms -->
    <step title="Determining deployment builder" date="2015-11-14T18:02:14.962" >
      <step title="Builder is PythonSiteBuilder" date="2015-11-14T18:02:15.057" /><!-- duration: 0ms -->
    </step><!-- duration: 110ms -->
    <step title="Copying SSH keys" date="2015-11-14T18:02:15.088" /><!-- duration: 16ms -->
    <step title="Building" date="2015-11-14T18:02:15.104" >
      <step title="Generating deployment script" date="2015-11-14T18:02:15.135" >
        <step title="Using cached version of the deployment script for command: -y --no-dot-deployment -r &quot;D:\home\site\wwwroot&quot; -o &quot;D:\home\site\deployments\tools&quot; --python" date="2015-11-14T18:02:15.213" /><!-- duration: 0ms -->
      </step><!-- duration: 94ms -->
      <step title="Executing external process" date="2015-11-14T18:02:15.308" type="process" path="starter.cmd" arguments="&quot;D:\home\site\deployments\tools\deploy.cmd&quot;" /><!-- duration: 4009ms -->
    </step><!-- duration: 4371ms -->
  </step><!-- duration: 4967ms -->
  <step title="Cleaning up temp files" date="2015-11-14T18:02:19.491" /><!-- duration: 16ms -->
  <step title="WebHooksManager.PublishEventAsync: PostDeployment" date="2015-11-14T18:02:19.522" /><!-- duration: 363ms -->
</step><!-- duration: 5669ms -->
