<step title="Incoming Request" date="2015-11-14T21:10:11.830" instance="424b22" url="/newsfeels.git/git-receive-pack" method="POST" type="request" pid="9500,2,13" Connection="Keep-Alive" Content-Length="552" Content-Type="application/x-git-receive-pack-request" Accept="application/x-git-receive-pack-result" Accept-Encoding="gzip" Host="newsfeels.scm.azurewebsites.net" User-Agent="git/2.6.3" X-SITE-DEPLOYMENT-ID="newsfeels" >
  <step title="RpcService.ReceivePack" date="2015-11-14T21:10:11.846" >
    <step title="Assuming git repository at D:\home\site\wwwroot" date="2015-11-14T21:10:11.861" /><!-- duration: 0ms -->
    <step title="Assuming git repository at D:\home\site\wwwroot" date="2015-11-14T21:10:11.877" /><!-- duration: 0ms -->
    <step title="Creating temporary deployment" date="2015-11-14T21:10:12.111" /><!-- duration: 16ms -->
    <step title="GitExeServer.Receive" date="2015-11-14T21:10:12.127" >
      <step title="Executing external process" date="2015-11-14T21:10:12.142" type="process" path="git.exe" arguments="receive-pack --stateless-rpc &quot;D:\home\site\wwwroot&quot;" /><!-- duration: 6064ms -->
    </step><!-- duration: 6095ms -->
  </step><!-- duration: 6407ms -->
  <step title="Outgoing response" date="2015-11-14T21:10:18.253" type="response" statusCode="200" statusText="OK" Server="Microsoft-IIS/8.0" Expires="Fri, 01 Jan 1980 00:00:00 GMT" Pragma="no-cache" Cache-Control="no-cache, max-age=0, must-revalidate" X-AspNet-Version="4.0.30319" Content-Type="application/x-git-receive-pack-result" /><!-- duration: 0ms -->
</step><!-- duration: 6423ms -->
