<step title="Executing external process" date="2015-11-14T16:57:16.280" instance="424b22" type="process" path="kudu.exe" arguments="D:\home\site C:\Program Files (x86)\SiteExtensions\Kudu\48.41029.1889\msbuild" >
  <step title="Cleanup Xml Logs" date="2015-11-14T16:57:16.295" /><!-- duration: 16ms -->
  <step title="DeploymentManager.Deploy(id)" date="2015-11-14T16:57:16.420" >
    <step title="Collecting changeset information" date="2015-11-14T16:57:16.436" /><!-- duration: 47ms -->
    <step title="Updating to specific changeset" date="2015-11-14T16:57:16.498" /><!-- duration: 251ms -->
    <step title="Updating submodules" date="2015-11-14T16:57:16.750" /><!-- duration: 31ms -->
    <step title="Determining deployment builder" date="2015-11-14T16:57:16.844" >
      <step title="Builder is PythonSiteBuilder" date="2015-11-14T16:57:16.969" /><!-- duration: 0ms -->
    </step><!-- duration: 125ms -->
    <step title="Copying SSH keys" date="2015-11-14T16:57:16.985" /><!-- duration: 0ms -->
    <step title="Building" date="2015-11-14T16:57:17.001" >
      <step title="Generating deployment script" date="2015-11-14T16:57:17.032" >
        <step title="Using cached version of the deployment script for command: -y --no-dot-deployment -r &quot;D:\home\site\wwwroot&quot; -o &quot;D:\home\site\deployments\tools&quot; --python" date="2015-11-14T16:57:17.111" /><!-- duration: 0ms -->
      </step><!-- duration: 94ms -->
      <step title="Executing external process" date="2015-11-14T16:57:17.204" type="process" path="starter.cmd" arguments="&quot;D:\home\site\deployments\tools\deploy.cmd&quot;" /><!-- duration: 3989ms -->
    </step><!-- duration: 4321ms -->
  </step><!-- duration: 4901ms -->
  <step title="Cleaning up temp files" date="2015-11-14T16:57:21.321" /><!-- duration: 16ms -->
  <step title="WebHooksManager.PublishEventAsync: PostDeployment" date="2015-11-14T16:57:21.355" /><!-- duration: 326ms -->
</step><!-- duration: 5579ms -->
