<step title="Executing external process" date="2015-11-14T16:53:43.812" instance="424b22" type="process" path="kudu.exe" arguments="D:\home\site C:\Program Files (x86)\SiteExtensions\Kudu\48.41029.1889\msbuild" >
  <step title="Cleanup Xml Logs" date="2015-11-14T16:53:43.823" /><!-- duration: 16ms -->
  <step title="DeploymentManager.Deploy(id)" date="2015-11-14T16:53:43.963" >
    <step title="Collecting changeset information" date="2015-11-14T16:53:43.979" /><!-- duration: 98ms -->
    <step title="Updating to specific changeset" date="2015-11-14T16:53:44.088" /><!-- duration: 313ms -->
    <step title="Updating submodules" date="2015-11-14T16:53:44.401" /><!-- duration: 31ms -->
    <step title="Determining deployment builder" date="2015-11-14T16:53:44.495" >
      <step title="Builder is PythonSiteBuilder" date="2015-11-14T16:53:44.745" /><!-- duration: 0ms -->
    </step><!-- duration: 250ms -->
    <step title="Copying SSH keys" date="2015-11-14T16:53:44.760" /><!-- duration: 0ms -->
    <step title="Building" date="2015-11-14T16:53:44.776" >
      <step title="Generating deployment script" date="2015-11-14T16:53:44.807" >
        <step title="Executing external process" date="2015-11-14T16:53:44.893" type="process" path="starter.cmd" arguments="&quot;c:\Program Files (x86)\SiteExtensions\Kudu\48.41029.1889\bin\node_modules\.bin\kuduscript.cmd&quot; -y --no-dot-deployment -r &quot;D:\home\site\wwwroot&quot; -o &quot;D:\home\site\deployments\tools&quot; --python" /><!-- duration: 547ms -->
        <step title="Saved cached version of the deployment script for command -y --no-dot-deployment -r &quot;D:\home\site\wwwroot&quot; -o &quot;D:\home\site\deployments\tools&quot; --python" date="2015-11-14T16:53:45.456" /><!-- duration: 0ms -->
      </step><!-- duration: 649ms -->
      <step title="Executing external process" date="2015-11-14T16:53:45.534" type="process" path="starter.cmd" arguments="&quot;D:\home\site\deployments\tools\deploy.cmd&quot;" /><!-- duration: 92037ms -->
    </step><!-- duration: 92988ms -->
  </step><!-- duration: 93800ms -->
  <step title="Cleaning up temp files" date="2015-11-14T16:55:17.764" /><!-- duration: 16ms -->
  <step title="WebHooksManager.PublishEventAsync: PostDeployment" date="2015-11-14T16:55:17.796" /><!-- duration: 313ms -->
</step><!-- duration: 94469ms -->
