﻿<?xml version="1.0" encoding="utf-8"?>
<deployment>
  <id>c763e05fa80c1a21e1966b511e88915ed04b5df2</id>
  <author>tbeiko</author>
  <deployer>tbeiko</deployer>
  <authorEmail>t.beiko23@gmail.com</authorEmail>
  <message>change storage blob
</message>
  <progress></progress>
  <status>Success</status>
  <statusText></statusText>
  <lastSuccessEndTime>2015-11-14T18:02:19.366234Z</lastSuccessEndTime>
  <receivedTime>2015-11-14T18:02:14.5560918Z</receivedTime>
  <startTime>2015-11-14T18:02:14.9469403Z</startTime>
  <endTime>2015-11-14T18:02:19.366234Z</endTime>
  <complete>True</complete>
  <is_temp>False</is_temp>
  <is_readonly>False</is_readonly>
</deployment>