﻿<?xml version="1.0" encoding="utf-8"?>
<deployment>
  <id>af31df414d324baa1d4e97da852ace27dec8456f</id>
  <author>tbeiko</author>
  <deployer>tbeiko</deployer>
  <authorEmail>t.beiko23@gmail.com</authorEmail>
  <message>add second song
</message>
  <progress></progress>
  <status>Success</status>
  <statusText></statusText>
  <lastSuccessEndTime>2015-11-14T18:08:37.4744777Z</lastSuccessEndTime>
  <receivedTime>2015-11-14T18:08:32.1560397Z</receivedTime>
  <startTime>2015-11-14T18:08:32.5943136Z</startTime>
  <endTime>2015-11-14T18:08:37.4744777Z</endTime>
  <complete>True</complete>
  <is_temp>False</is_temp>
  <is_readonly>False</is_readonly>
</deployment>