﻿<?xml version="1.0" encoding="utf-8"?>
<deployment>
  <id>b838135f6f0c428628750dd587902ce9e060afcc</id>
  <author>tbeiko</author>
  <deployer>tbeiko</deployer>
  <authorEmail>t.beiko23@gmail.com</authorEmail>
  <message>Change html
</message>
  <progress></progress>
  <status>Success</status>
  <statusText></statusText>
  <lastSuccessEndTime>2015-11-14T21:16:43.4683365Z</lastSuccessEndTime>
  <receivedTime>2015-11-14T21:16:38.6129285Z</receivedTime>
  <startTime>2015-11-14T21:16:39.003547Z</startTime>
  <endTime>2015-11-14T21:16:43.4683365Z</endTime>
  <complete>True</complete>
  <is_temp>False</is_temp>
  <is_readonly>False</is_readonly>
</deployment>