﻿<?xml version="1.0" encoding="utf-8"?>
<deployment>
  <id>a65ff56aeffbd8edbe08460df93801f15133e3ce</id>
  <author>tbeiko</author>
  <deployer>tbeiko</deployer>
  <authorEmail>t.beiko23@gmail.com</authorEmail>
  <message>background
</message>
  <progress></progress>
  <status>Success</status>
  <statusText></statusText>
  <lastSuccessEndTime>2015-11-14T22:54:22.0896551Z</lastSuccessEndTime>
  <receivedTime>2015-11-14T22:54:16.6100602Z</receivedTime>
  <startTime>2015-11-14T22:54:17.063189Z</startTime>
  <endTime>2015-11-14T22:54:22.0896551Z</endTime>
  <complete>True</complete>
  <is_temp>False</is_temp>
  <is_readonly>False</is_readonly>
</deployment>