﻿<?xml version="1.0" encoding="utf-8"?>
<deployment>
  <id>8d512b2ca98524aefbaa74d85b664ea3a2427e90</id>
  <author>tbeiko</author>
  <deployer>tbeiko</deployer>
  <authorEmail>t.beiko23@gmail.com</authorEmail>
  <message>remove method from main page
</message>
  <progress></progress>
  <status>Success</status>
  <statusText></statusText>
  <lastSuccessEndTime>2015-11-14T21:10:17.5119901Z</lastSuccessEndTime>
  <receivedTime>2015-11-14T21:10:12.9559395Z</receivedTime>
  <startTime>2015-11-14T21:10:13.3465523Z</startTime>
  <endTime>2015-11-14T21:10:17.5119901Z</endTime>
  <complete>True</complete>
  <is_temp>False</is_temp>
  <is_readonly>False</is_readonly>
</deployment>