﻿<?xml version="1.0" encoding="utf-8"?>
<deployment>
  <id>3b4ae399db862e988fad84ecaae2ef2cdac18f15</id>
  <author>tbeiko</author>
  <deployer>tbeiko</deployer>
  <authorEmail>t.beiko23@gmail.com</authorEmail>
  <message>commit
</message>
  <progress></progress>
  <status>Success</status>
  <statusText></statusText>
  <lastSuccessEndTime>2015-11-15T01:00:53.4147768Z</lastSuccessEndTime>
  <receivedTime>2015-11-15T01:00:48.459233Z</receivedTime>
  <startTime>2015-11-15T01:00:48.9436401Z</startTime>
  <endTime>2015-11-15T01:00:53.4147768Z</endTime>
  <complete>True</complete>
  <is_temp>False</is_temp>
  <is_readonly>False</is_readonly>
</deployment>