﻿<?xml version="1.0" encoding="utf-8"?>
<deployment>
  <id>fb8092d9c96c910e105ae473a79736c75680e415</id>
  <author>tbeiko</author>
  <deployer>tbeiko</deployer>
  <authorEmail>t.beiko23@gmail.com</authorEmail>
  <message>add azure song uploader
</message>
  <progress></progress>
  <status>Success</status>
  <statusText></statusText>
  <lastSuccessEndTime>2015-11-14T17:49:04.7789677Z</lastSuccessEndTime>
  <receivedTime>2015-11-14T17:48:59.8881797Z</receivedTime>
  <startTime>2015-11-14T17:49:00.3100513Z</startTime>
  <endTime>2015-11-14T17:49:04.7789677Z</endTime>
  <complete>True</complete>
  <is_temp>False</is_temp>
  <is_readonly>False</is_readonly>
</deployment>