﻿<?xml version="1.0" encoding="utf-8"?>
<deployment>
  <id>604f7d1e216dddb13888119c2fbffc7092a0151b</id>
  <author>tbeiko</author>
  <deployer>tbeiko</deployer>
  <authorEmail>t.beiko23@gmail.com</authorEmail>
  <message>small changes
</message>
  <progress></progress>
  <status>Success</status>
  <statusText></statusText>
  <lastSuccessEndTime>2015-11-15T01:04:47.7300723Z</lastSuccessEndTime>
  <receivedTime>2015-11-15T01:04:42.8041515Z</receivedTime>
  <startTime>2015-11-15T01:04:43.3885499Z</startTime>
  <endTime>2015-11-15T01:04:47.7300723Z</endTime>
  <complete>True</complete>
  <is_temp>False</is_temp>
  <is_readonly>False</is_readonly>
</deployment>