﻿<?xml version="1.0" encoding="utf-8"?>
<deployment>
  <id>96d939644666927f1ec7b28ef430f7d5472329f2</id>
  <author>tbeiko</author>
  <deployer>tbeiko</deployer>
  <authorEmail>t.beiko23@gmail.com</authorEmail>
  <message>add flask requests
</message>
  <progress></progress>
  <status>Success</status>
  <statusText></statusText>
  <lastSuccessEndTime>2015-11-15T01:02:38.9041997Z</lastSuccessEndTime>
  <receivedTime>2015-11-15T01:02:33.9269023Z</receivedTime>
  <startTime>2015-11-15T01:02:34.4286896Z</startTime>
  <endTime>2015-11-15T01:02:38.9041997Z</endTime>
  <complete>True</complete>
  <is_temp>False</is_temp>
  <is_readonly>False</is_readonly>
</deployment>