﻿<?xml version="1.0" encoding="utf-8"?>
<deployment>
  <id>e2525976d821090bd346885dfb4e617ac446bdf9</id>
  <author>tbeiko</author>
  <deployer>tbeiko</deployer>
  <authorEmail>t.beiko23@gmail.com</authorEmail>
  <message>get method fix
</message>
  <progress></progress>
  <status>Success</status>
  <statusText></statusText>
  <lastSuccessEndTime>2015-11-14T21:13:04.6169646Z</lastSuccessEndTime>
  <receivedTime>2015-11-14T21:12:59.5562841Z</receivedTime>
  <startTime>2015-11-14T21:13:00.0250548Z</startTime>
  <endTime>2015-11-14T21:13:04.6169646Z</endTime>
  <complete>True</complete>
  <is_temp>False</is_temp>
  <is_readonly>False</is_readonly>
</deployment>