﻿<?xml version="1.0" encoding="utf-8"?>
<deployment>
  <id>71fe2dba34bd599e301a761b7abc618d2723cb9b</id>
  <author>tbeiko</author>
  <deployer>tbeiko</deployer>
  <authorEmail>t.beiko23@gmail.com</authorEmail>
  <message>Add jamies's css
</message>
  <progress></progress>
  <status>Success</status>
  <statusText></statusText>
  <lastSuccessEndTime>2015-11-14T21:09:43.9658078Z</lastSuccessEndTime>
  <receivedTime>2015-11-14T21:09:39.0520665Z</receivedTime>
  <startTime>2015-11-14T21:09:39.4270765Z</startTime>
  <endTime>2015-11-14T21:09:43.9658078Z</endTime>
  <complete>True</complete>
  <is_temp>False</is_temp>
  <is_readonly>False</is_readonly>
</deployment>