﻿<?xml version="1.0" encoding="utf-8"?>
<deployment>
  <id>9e39f678b4836ad88b6ff5bd1dc845a05fd35373</id>
  <author>tbeiko</author>
  <deployer>tbeiko</deployer>
  <authorEmail>t.beiko23@gmail.com</authorEmail>
  <message>add flask requests
</message>
  <progress></progress>
  <status>Success</status>
  <statusText></statusText>
  <lastSuccessEndTime>2015-11-15T01:02:02.5026472Z</lastSuccessEndTime>
  <receivedTime>2015-11-15T01:01:57.3439194Z</receivedTime>
  <startTime>2015-11-15T01:01:57.8439094Z</startTime>
  <endTime>2015-11-15T01:02:02.5026472Z</endTime>
  <complete>True</complete>
  <is_temp>False</is_temp>
  <is_readonly>False</is_readonly>
</deployment>